timestamp,t_agua_entrada_C,t_agua_saida_C,vazao_agua_m3h,corrente_compressor_A,pressao_evap_bar
2026-07-06 14:00:00,11.82,7.1,149.7,176.6,3.48
2026-07-06 14:00:01,12.0,7.19,148.2,180.4,3.48
2026-07-06 14:00:02,12.18,6.74,149.1,190.7,3.45
2026-07-06 14:00:03,12.09,7.15,151.2,181.7,3.42
2026-07-06 14:00:04,12.21,6.99,149.0,187.1,3.52
2026-07-06 14:00:05,12.02,7.02,148.6,183.5,3.48
2026-07-06 14:00:06,11.96,7.04,149.2,178.9,3.53
2026-07-06 14:00:07,11.9,7.16,148.7,176.2,3.58
2026-07-06 14:00:08,11.97,6.94,151.0,182.8,3.57
2026-07-06 14:00:09,11.91,7.01,149.2,180.6,3.52
2026-07-06 14:00:10,11.97,7.04,150.7,184.2,3.54
2026-07-06 14:00:11,12.11,6.92,150.5,181.8,3.44
2026-07-06 14:00:12,12.15,7.08,151.5,186.2,3.59
2026-07-06 14:00:13,11.87,6.97,150.1,179.3,3.52
2026-07-06 14:00:14,12.05,7.03,149.3,182.0,3.47
2026-07-06 14:00:15,12.02,6.96,150.0,184.0,3.55
2026-07-06 14:00:16,11.91,6.96,149.8,180.7,3.48
2026-07-06 14:00:17,12.16,7.06,148.7,185.3,3.46
2026-07-06 14:00:18,12.22,6.92,149.1,189.5,3.58
2026-07-06 14:00:19,11.92,6.95,149.6,181.7,3.5
2026-07-06 14:00:20,11.95,7.03,148.0,180.7,3.6
2026-07-06 14:00:21,11.99,6.72,149.5,188.4,3.53
2026-07-06 14:00:22,12.24,7.04,151.6,186.5,3.43
2026-07-06 14:00:23,11.82,6.95,149.5,179.2,3.54
2026-07-06 14:00:24,11.93,6.97,151.3,181.8,3.51
2026-07-06 14:00:25,11.88,7.07,149.0,178.1,3.6
2026-07-06 14:00:26,11.91,6.88,150.5,184.4,3.56
2026-07-06 14:00:27,12.22,7.11,148.8,182.3,3.44
2026-07-06 14:00:28,12.05,7.17,150.6,181.1,3.47
2026-07-06 14:00:29,11.95,7.01,150.7,181.7,3.48
2026-07-06 14:00:30,12.01,6.98,150.1,183.3,3.44
2026-07-06 14:00:31,11.72,7.13,150.3,174.8,3.46
2026-07-06 14:00:32,11.68,7.03,149.3,175.3,3.47
2026-07-06 14:00:33,12.0,6.93,149.5,185.4,3.54
2026-07-06 14:00:34,12.05,7.0,149.2,182.9,3.49
2026-07-06 14:00:35,12.18,7.14,150.1,182.9,3.51
2026-07-06 14:00:36,12.09,7.05,150.2,184.4,3.48
2026-07-06 14:00:37,11.53,7.04,149.3,171.4,3.49
2026-07-06 14:00:38,11.99,6.95,150.2,181.5,3.49
2026-07-06 14:00:39,12.23,6.96,149.6,187.9,3.45
2026-07-06 14:00:40,12.02,6.87,148.1,181.7,3.52
2026-07-06 14:00:41,12.08,7.03,151.8,184.0,3.44
2026-07-06 14:00:42,11.94,7.07,151.7,180.4,3.53
2026-07-06 14:00:43,11.83,7.1,150.2,179.3,3.5
2026-07-06 14:00:44,11.89,7.03,149.9,180.6,3.5
2026-07-06 14:00:45,12.02,7.09,149.0,180.9,3.51
2026-07-06 14:00:46,12.1,6.88,150.2,186.9,3.4
2026-07-06 14:00:47,12.1,6.94,149.6,185.5,3.5
2026-07-06 14:00:48,11.96,7.16,149.2,176.7,3.52
2026-07-06 14:00:49,12.11,7.05,149.7,183.2,3.43
2026-07-06 14:00:50,12.09,7.01,150.2,182.9,3.37
2026-07-06 14:00:51,12.08,7.18,149.7,183.2,3.49
2026-07-06 14:00:52,12.19,7.09,150.1,186.5,3.56
2026-07-06 14:00:53,12.01,6.97,150.4,182.5,3.52
2026-07-06 14:00:54,11.89,7.07,150.3,181.0,3.49
2026-07-06 14:00:55,11.77,7.08,147.9,174.4,3.55
2026-07-06 14:00:56,12.29,7.05,152.2,185.2,3.47
2026-07-06 14:00:57,12.1,6.9,149.8,188.5,3.53
2026-07-06 14:00:58,11.82,6.93,152.3,182.3,3.44
2026-07-06 14:00:59,11.9,7.13,150.5,179.1,3.42
2026-07-06 14:01:00,12.01,7.18,150.2,177.3,3.51
2026-07-06 14:01:01,11.86,7.1,151.1,177.0,3.52
2026-07-06 14:01:02,12.01,6.97,151.1,185.0,3.53
2026-07-06 14:01:03,11.97,6.94,149.9,186.1,3.48
2026-07-06 14:01:04,11.93,7.13,151.0,180.0,3.56
2026-07-06 14:01:05,12.12,6.97,149.8,185.0,3.49
2026-07-06 14:01:06,11.9,6.88,149.1,182.2,3.52
2026-07-06 14:01:07,12.0,7.07,150.2,181.0,3.43
2026-07-06 14:01:08,11.84,7.12,147.3,174.5,3.46
2026-07-06 14:01:09,11.95,6.9,149.8,184.1,3.43
2026-07-06 14:01:10,11.95,6.87,149.6,180.9,3.49
2026-07-06 14:01:11,12.21,6.84,146.8,191.3,3.51
2026-07-06 14:01:12,11.96,7.06,149.3,182.3,3.44
2026-07-06 14:01:13,11.97,7.01,150.7,180.5,3.56
2026-07-06 14:01:14,12.16,6.71,149.8,187.2,3.5
2026-07-06 14:01:15,12.06,6.98,148.9,181.0,3.62
2026-07-06 14:01:16,11.92,7.06,151.2,180.0,3.55
2026-07-06 14:01:17,12.14,6.95,150.2,187.3,3.52
2026-07-06 14:01:18,11.89,7.04,152.7,182.0,3.56
2026-07-06 14:01:19,12.27,6.92,149.7,186.0,3.5
2026-07-06 14:01:20,11.94,7.08,152.0,179.8,3.4
2026-07-06 14:01:21,11.92,6.93,150.3,183.9,3.62
2026-07-06 14:01:22,12.23,6.79,150.3,190.1,3.59
2026-07-06 14:01:23,12.3,6.91,150.1,190.2,3.55
2026-07-06 14:01:24,12.13,6.85,150.4,186.7,3.47
2026-07-06 14:01:25,11.89,7.0,152.1,179.7,3.48
2026-07-06 14:01:26,12.19,7.01,150.7,185.3,3.62
2026-07-06 14:01:27,11.98,7.04,148.8,182.4,3.59
2026-07-06 14:01:28,12.0,7.03,150.8,180.9,3.49
2026-07-06 14:01:29,12.16,7.01,150.6,181.9,3.43
2026-07-06 14:01:30,12.21,7.01,149.2,184.5,3.47
2026-07-06 14:01:31,11.85,7.03,150.9,180.9,3.45
2026-07-06 14:01:32,11.88,7.01,149.3,179.6,3.51
2026-07-06 14:01:33,12.15,6.92,149.4,186.8,3.48
2026-07-06 14:01:34,11.97,7.06,152.6,180.5,3.57
2026-07-06 14:01:35,12.1,6.94,149.7,186.4,3.51
2026-07-06 14:01:36,11.95,7.0,151.0,181.6,3.52
2026-07-06 14:01:37,11.94,7.02,152.2,181.7,3.43
2026-07-06 14:01:38,12.12,7.02,148.9,183.5,3.4
2026-07-06 14:01:39,11.86,7.06,151.5,179.1,3.5
2026-07-06 14:01:40,12.04,7.01,151.0,182.8,3.39
2026-07-06 14:01:41,11.87,7.09,149.8,179.3,3.47
2026-07-06 14:01:42,11.84,7.0,150.5,179.6,3.45
2026-07-06 14:01:43,11.91,7.04,150.1,181.5,3.47
2026-07-06 14:01:44,12.02,7.13,151.1,181.5,3.44
2026-07-06 14:01:45,12.01,7.05,149.8,181.1,3.5
2026-07-06 14:01:46,11.91,6.79,148.9,185.3,3.55
2026-07-06 14:01:47,12.05,7.02,150.0,181.0,3.47
2026-07-06 14:01:48,11.84,6.91,148.1,179.9,3.38
2026-07-06 14:01:49,12.03,7.12,150.0,180.0,3.53
2026-07-06 14:01:50,12.06,7.03,149.9,185.6,3.45
2026-07-06 14:01:51,12.01,6.94,149.6,182.4,3.6
2026-07-06 14:01:52,12.32,7.06,150.3,183.6,3.47
2026-07-06 14:01:53,12.01,7.18,149.5,180.4,3.51
2026-07-06 14:01:54,12.13,7.07,150.0,182.4,3.47
2026-07-06 14:01:55,12.01,7.04,151.7,184.0,3.53
2026-07-06 14:01:56,12.05,7.23,151.0,178.3,3.55
2026-07-06 14:01:57,12.09,6.86,146.4,182.3,3.58
2026-07-06 14:01:58,12.05,6.93,147.8,182.0,3.49
2026-07-06 14:01:59,12.11,6.94,150.1,184.1,3.5
2026-07-06 14:02:00,12.03,6.9,150.6,184.7,3.53
2026-07-06 14:02:01,12.18,7.04,149.8,185.1,3.52
2026-07-06 14:02:02,11.77,7.02,152.0,178.7,3.56
2026-07-06 14:02:03,12.02,6.92,150.1,184.0,3.45
2026-07-06 14:02:04,12.12,6.94,150.6,185.2,3.52
2026-07-06 14:02:05,12.15,6.99,148.6,185.9,3.53
2026-07-06 14:02:06,11.87,6.87,150.7,182.6,3.54
2026-07-06 14:02:07,11.88,6.97,152.6,182.4,3.41
2026-07-06 14:02:08,12.03,6.97,148.3,181.1,3.46
2026-07-06 14:02:09,11.8,7.02,150.5,177.6,3.54
2026-07-06 14:02:10,11.99,6.91,151.4,184.9,3.56
2026-07-06 14:02:11,11.98,7.13,151.0,178.0,3.51
2026-07-06 14:02:12,12.0,6.8,149.6,185.8,3.48
2026-07-06 14:02:13,11.93,7.18,148.6,177.8,3.53
2026-07-06 14:02:14,12.01,7.02,149.9,183.3,3.46
2026-07-06 14:02:15,11.88,7.06,150.0,181.5,3.47
2026-07-06 14:02:16,12.03,7.14,148.9,182.2,3.57
2026-07-06 14:02:17,12.28,7.0,149.8,185.2,3.51
2026-07-06 14:02:18,11.88,7.07,149.0,177.1,3.42
2026-07-06 14:02:19,11.96,6.97,152.2,184.7,3.6
2026-07-06 14:02:20,12.18,7.04,149.5,186.9,3.41
2026-07-06 14:02:21,12.0,7.1,152.1,180.3,3.51
2026-07-06 14:02:22,11.89,7.05,152.0,179.3,3.52
2026-07-06 14:02:23,11.89,7.05,150.3,179.3,3.46
2026-07-06 14:02:24,12.16,6.85,149.6,188.3,3.49
2026-07-06 14:02:25,12.08,7.05,148.5,183.4,3.44
2026-07-06 14:02:26,11.94,7.15,149.6,181.2,3.57
2026-07-06 14:02:27,11.98,7.07,151.7,182.6,3.53
2026-07-06 14:02:28,12.01,6.99,149.4,182.8,3.5
2026-07-06 14:02:29,12.1,6.94,151.4,186.9,3.6
2026-07-06 14:02:30,12.35,7.05,149.1,187.2,3.52
2026-07-06 14:02:31,11.91,7.16,147.8,177.7,3.44
2026-07-06 14:02:32,11.94,7.02,150.7,179.9,3.46
2026-07-06 14:02:33,12.08,7.0,149.8,181.5,3.62
2026-07-06 14:02:34,11.93,7.05,150.1,184.0,3.49
2026-07-06 14:02:35,12.11,7.11,148.4,182.0,3.52
2026-07-06 14:02:36,11.82,6.95,150.7,182.0,3.42
2026-07-06 14:02:37,12.04,7.14,148.6,180.9,3.49
2026-07-06 14:02:38,11.9,7.01,149.8,180.3,3.48
2026-07-06 14:02:39,11.75,7.05,150.6,178.3,3.51
2026-07-06 14:02:40,11.98,7.05,149.9,180.4,3.5
2026-07-06 14:02:41,12.06,6.88,151.5,184.8,3.58
2026-07-06 14:02:42,11.74,7.07,150.0,178.4,3.53
2026-07-06 14:02:43,11.8,7.03,150.0,181.6,3.56
2026-07-06 14:02:44,12.18,6.96,151.1,186.4,3.45
2026-07-06 14:02:45,12.17,7.04,151.0,186.2,3.41
2026-07-06 14:02:46,11.86,6.99,149.8,182.5,3.47
2026-07-06 14:02:47,11.79,7.03,150.0,179.1,3.52
2026-07-06 14:02:48,11.77,7.13,151.1,175.3,3.5
2026-07-06 14:02:49,11.88,7.0,148.0,178.8,3.52
2026-07-06 14:02:50,11.83,7.08,149.1,177.4,3.54
2026-07-06 14:02:51,12.11,6.87,149.7,184.8,3.55
2026-07-06 14:02:52,11.93,6.97,149.5,183.7,3.44
2026-07-06 14:02:53,12.04,6.9,147.8,184.1,3.58
2026-07-06 14:02:54,12.13,7.01,149.7,183.4,3.54
2026-07-06 14:02:55,12.24,6.96,150.9,186.1,3.52
2026-07-06 14:02:56,12.13,7.08,150.1,185.2,3.42
2026-07-06 14:02:57,11.95,6.93,148.9,183.3,3.54
2026-07-06 14:02:58,12.15,6.97,148.7,185.5,3.49
2026-07-06 14:02:59,12.2,6.91,147.0,186.4,3.51
2026-07-06 14:03:00,11.97,7.08,151.7,179.2,3.57
2026-07-06 14:03:01,11.94,7.02,149.4,183.4,3.45
2026-07-06 14:03:02,11.92,7.1,149.5,180.5,3.47
2026-07-06 14:03:03,12.05,7.16,149.9,183.8,3.46
2026-07-06 14:03:04,11.94,6.91,149.9,183.8,3.51
2026-07-06 14:03:05,12.02,6.87,149.2,186.3,3.43
2026-07-06 14:03:06,12.03,6.93,147.0,183.7,3.52
2026-07-06 14:03:07,12.13,7.01,148.9,184.5,3.45
2026-07-06 14:03:08,12.21,7.06,149.3,184.1,3.42
2026-07-06 14:03:09,12.17,6.82,149.9,185.8,3.49
2026-07-06 14:03:10,12.33,7.09,150.7,189.3,3.44
2026-07-06 14:03:11,12.0,6.9,149.1,182.5,3.46
2026-07-06 14:03:12,11.83,7.05,148.5,177.9,3.48
2026-07-06 14:03:13,12.04,7.03,150.4,182.8,3.54
2026-07-06 14:03:14,11.87,7.0,151.9,182.4,3.47
2026-07-06 14:03:15,11.85,6.88,149.0,181.5,3.46
2026-07-06 14:03:16,12.09,6.91,149.1,185.6,3.48
2026-07-06 14:03:17,11.71,7.1,149.8,175.8,3.52
2026-07-06 14:03:18,12.13,7.01,148.5,181.5,3.45
2026-07-06 14:03:19,12.17,6.96,151.0,187.2,3.51
2026-07-06 14:03:20,11.79,7.06,149.9,180.7,3.58
2026-07-06 14:03:21,12.17,6.84,147.9,186.1,3.45
2026-07-06 14:03:22,12.03,7.08,150.0,179.8,3.52
2026-07-06 14:03:23,12.07,7.06,150.1,182.5,3.48
2026-07-06 14:03:24,12.09,7.2,150.9,178.6,3.54
2026-07-06 14:03:25,12.09,7.02,150.0,185.3,3.55
2026-07-06 14:03:26,12.2,7.05,150.2,182.8,3.62
2026-07-06 14:03:27,12.07,7.09,150.4,183.0,3.59
2026-07-06 14:03:28,11.97,6.95,149.4,181.5,3.44
2026-07-06 14:03:29,12.18,6.82,149.8,188.5,3.48
2026-07-06 14:03:30,12.06,7.06,149.4,182.9,3.49
2026-07-06 14:03:31,11.88,7.05,149.2,178.5,3.46
2026-07-06 14:03:32,11.95,7.0,150.2,180.8,3.54
2026-07-06 14:03:33,11.74,7.02,151.6,177.8,3.5
2026-07-06 14:03:34,12.34,6.82,150.1,191.6,3.5
2026-07-06 14:03:35,12.06,7.0,149.6,183.6,3.45
2026-07-06 14:03:36,12.05,6.89,151.9,185.7,3.45
2026-07-06 14:03:37,11.82,7.0,151.5,183.3,3.5
2026-07-06 14:03:38,11.97,7.05,149.5,178.9,3.55
2026-07-06 14:03:39,11.93,7.13,150.8,179.8,3.49
2026-07-06 14:03:40,11.99,7.02,151.5,181.5,3.51
2026-07-06 14:03:41,11.99,6.99,150.8,183.5,3.49
2026-07-06 14:03:42,12.03,6.93,150.0,185.2,3.44
2026-07-06 14:03:43,12.17,6.93,149.6,184.0,3.59
2026-07-06 14:03:44,11.97,6.92,150.9,181.3,3.51
2026-07-06 14:03:45,12.07,7.13,151.6,183.1,3.53
2026-07-06 14:03:46,11.87,6.85,152.1,185.5,3.62
2026-07-06 14:03:47,12.01,6.99,148.7,182.4,3.5
2026-07-06 14:03:48,11.67,7.09,150.6,176.3,3.52
2026-07-06 14:03:49,11.78,6.99,148.0,178.0,3.52
2026-07-06 14:03:50,11.85,7.2,151.3,182.3,3.49
2026-07-06 14:03:51,11.72,7.1,150.3,176.5,3.42
2026-07-06 14:03:52,11.61,6.98,148.3,176.3,3.52
2026-07-06 14:03:53,12.1,6.87,150.7,184.7,3.5
2026-07-06 14:03:54,11.88,6.87,149.4,181.9,3.58
2026-07-06 14:03:55,11.93,7.18,150.9,176.3,3.52
2026-07-06 14:03:56,11.98,6.97,149.6,183.0,3.58
2026-07-06 14:03:57,11.95,7.06,148.7,183.8,3.5
2026-07-06 14:03:58,12.05,7.08,151.3,184.5,3.5
2026-07-06 14:03:59,11.96,6.98,149.9,184.1,3.41
2026-07-06 14:04:00,12.27,7.1,151.0,185.7,3.6
2026-07-06 14:04:01,12.13,7.06,148.4,185.4,3.5
2026-07-06 14:04:02,11.84,7.04,148.9,178.0,3.47
2026-07-06 14:04:03,11.98,7.13,147.4,178.6,3.47
2026-07-06 14:04:04,12.11,7.13,151.6,182.9,3.58
2026-07-06 14:04:05,12.06,7.06,152.1,184.4,3.42
2026-07-06 14:04:06,12.01,7.03,150.2,179.5,3.55
2026-07-06 14:04:07,12.05,7.15,150.6,180.4,3.54
2026-07-06 14:04:08,11.95,6.88,150.6,186.5,3.5
2026-07-06 14:04:09,12.08,7.11,149.7,180.9,3.47
2026-07-06 14:04:10,11.96,6.96,150.2,180.8,3.5
2026-07-06 14:04:11,11.76,7.06,149.2,176.2,3.59
2026-07-06 14:04:12,12.17,7.16,149.6,180.8,3.43
2026-07-06 14:04:13,11.96,7.05,149.9,178.1,3.42
2026-07-06 14:04:14,12.05,6.93,149.6,184.2,3.53
2026-07-06 14:04:15,12.05,7.13,148.5,180.2,3.38
2026-07-06 14:04:16,11.94,6.88,151.3,184.4,3.5
2026-07-06 14:04:17,12.22,6.91,148.6,189.2,3.44
2026-07-06 14:04:18,12.02,7.01,150.0,180.8,3.54
2026-07-06 14:04:19,12.26,6.93,147.9,189.8,3.5
2026-07-06 14:04:20,12.17,7.08,149.5,183.1,3.5
2026-07-06 14:04:21,11.9,6.97,149.8,180.4,3.52
2026-07-06 14:04:22,11.94,6.98,149.6,182.9,3.47
2026-07-06 14:04:23,12.14,6.94,148.5,184.4,3.44
2026-07-06 14:04:24,12.21,6.96,149.1,184.9,3.47
2026-07-06 14:04:25,11.81,6.93,151.0,179.6,3.5
2026-07-06 14:04:26,11.82,6.95,150.3,183.4,3.49
2026-07-06 14:04:27,12.18,6.95,148.9,185.7,3.57
2026-07-06 14:04:28,12.12,6.99,148.1,182.6,3.47
2026-07-06 14:04:29,12.05,7.09,148.8,181.2,3.45
2026-07-06 14:04:30,11.9,7.2,150.0,175.6,3.49
2026-07-06 14:04:31,12.14,6.93,150.6,187.0,3.46
2026-07-06 14:04:32,11.9,6.92,150.8,184.5,3.49
2026-07-06 14:04:33,11.88,7.1,149.5,176.6,3.53
2026-07-06 14:04:34,11.9,6.9,148.4,182.5,3.52
2026-07-06 14:04:35,12.01,7.06,149.6,181.5,3.52
2026-07-06 14:04:36,12.08,7.1,149.2,179.8,3.45
2026-07-06 14:04:37,11.78,6.98,150.1,181.4,3.47
2026-07-06 14:04:38,11.96,6.86,149.6,185.6,3.48
2026-07-06 14:04:39,11.86,6.96,151.2,182.1,3.51
2026-07-06 14:04:40,12.06,7.11,149.7,181.0,3.48
2026-07-06 14:04:41,11.84,6.93,151.4,179.5,3.46
2026-07-06 14:04:42,12.05,7.01,150.6,184.1,3.6
2026-07-06 14:04:43,11.96,7.17,150.9,178.5,3.48
2026-07-06 14:04:44,12.1,7.11,149.4,180.8,3.49
2026-07-06 14:04:45,11.6,6.96,149.8,177.5,3.48
2026-07-06 14:04:46,12.2,7.18,149.3,182.8,3.53
2026-07-06 14:04:47,11.95,6.93,149.2,182.5,3.55
2026-07-06 14:04:48,11.69,7.03,150.2,177.3,3.54
2026-07-06 14:04:49,12.05,6.81,150.6,189.4,3.46
2026-07-06 14:04:50,11.94,6.96,149.7,183.1,3.52
2026-07-06 14:04:51,12.12,7.0,151.7,186.1,3.49
2026-07-06 14:04:52,11.94,7.02,149.1,179.9,3.5
2026-07-06 14:04:53,12.11,7.09,151.6,183.8,3.44
2026-07-06 14:04:54,11.65,7.12,149.2,175.2,3.49
2026-07-06 14:04:55,12.15,7.11,151.1,183.8,3.53
2026-07-06 14:04:56,12.04,6.96,149.6,185.8,3.46
2026-07-06 14:04:57,11.91,6.94,150.5,181.7,3.49
2026-07-06 14:04:58,11.92,6.74,150.0,184.9,3.45
2026-07-06 14:04:59,12.1,7.03,151.5,184.5,3.52
2026-07-06 14:05:00,11.92,7.09,149.5,178.8,3.54
2026-07-06 14:05:01,12.11,7.16,150.9,184.0,3.55
2026-07-06 14:05:02,12.07,7.0,151.5,185.6,3.45
2026-07-06 14:05:03,12.03,7.1,148.6,181.4,3.49
2026-07-06 14:05:04,11.87,7.09,150.2,178.8,3.58
2026-07-06 14:05:05,12.04,6.99,148.9,186.3,3.59
2026-07-06 14:05:06,11.95,7.01,151.2,183.2,3.53
2026-07-06 14:05:07,12.08,7.08,149.3,182.7,3.52
2026-07-06 14:05:08,12.07,7.01,151.8,183.2,3.49
2026-07-06 14:05:09,12.1,7.06,149.3,182.5,3.49
2026-07-06 14:05:10,11.92,7.06,147.9,179.2,3.47
2026-07-06 14:05:11,11.84,7.08,149.5,180.6,3.49
2026-07-06 14:05:12,11.82,7.01,148.7,179.0,3.46
2026-07-06 14:05:13,12.19,7.08,150.9,183.8,3.51
2026-07-06 14:05:14,11.83,6.92,151.0,182.8,3.47
2026-07-06 14:05:15,12.0,7.03,148.2,179.4,3.39
2026-07-06 14:05:16,11.61,6.94,150.6,179.9,3.53
2026-07-06 14:05:17,12.25,7.07,149.0,184.7,3.55
2026-07-06 14:05:18,12.12,6.91,149.3,184.4,3.49
2026-07-06 14:05:19,12.25,6.98,149.6,185.1,3.51
2026-07-06 14:05:20,12.05,6.86,151.6,183.7,3.41
2026-07-06 14:05:21,11.77,6.8,149.0,182.1,3.47
2026-07-06 14:05:22,12.03,7.0,151.4,182.4,3.48
2026-07-06 14:05:23,12.05,7.08,149.2,181.0,3.58
2026-07-06 14:05:24,11.83,6.86,151.2,184.9,3.53
2026-07-06 14:05:25,11.94,7.06,149.9,180.8,3.51
2026-07-06 14:05:26,11.91,6.93,151.7,183.0,3.45
2026-07-06 14:05:27,12.09,6.93,146.1,183.2,3.48
2026-07-06 14:05:28,12.11,6.94,149.9,184.0,3.52
2026-07-06 14:05:29,12.01,6.91,148.3,184.5,3.48
2026-07-06 14:05:30,11.95,6.81,149.9,184.6,3.45
2026-07-06 14:05:31,11.92,6.88,148.5,180.9,3.38
2026-07-06 14:05:32,11.89,6.85,149.9,183.9,3.61
2026-07-06 14:05:33,11.97,6.9,151.3,183.4,3.57
2026-07-06 14:05:34,12.13,6.93,150.9,187.7,3.55
2026-07-06 14:05:35,12.16,7.03,147.7,183.8,3.49
2026-07-06 14:05:36,11.96,6.94,149.5,184.8,3.63
2026-07-06 14:05:37,11.89,7.03,150.2,178.2,3.52
2026-07-06 14:05:38,12.19,6.94,150.2,187.0,3.55
2026-07-06 14:05:39,11.79,7.0,152.7,180.8,3.54
2026-07-06 14:05:40,11.85,6.92,150.7,183.2,3.52
2026-07-06 14:05:41,11.91,7.07,150.3,179.4,3.54
2026-07-06 14:05:42,12.09,7.0,150.9,183.3,3.5
2026-07-06 14:05:43,11.75,7.16,148.2,174.0,3.43
2026-07-06 14:05:44,12.07,6.95,151.8,183.4,3.46
2026-07-06 14:05:45,12.2,7.01,149.9,182.3,3.49
2026-07-06 14:05:46,12.22,6.94,148.4,186.0,3.48
2026-07-06 14:05:47,11.64,7.22,147.7,172.6,3.52
2026-07-06 14:05:48,11.97,7.1,150.7,180.7,3.49
2026-07-06 14:05:49,12.28,7.02,149.2,187.2,3.48
2026-07-06 14:05:50,11.89,7.0,150.8,178.6,3.55
2026-07-06 14:05:51,12.0,7.09,150.2,181.0,3.45
2026-07-06 14:05:52,12.09,7.0,152.2,186.4,3.48
2026-07-06 14:05:53,12.25,7.0,151.1,187.1,3.57
2026-07-06 14:05:54,11.98,6.84,152.2,184.9,3.5
2026-07-06 14:05:55,11.96,7.03,150.1,181.0,3.5
2026-07-06 14:05:56,11.77,7.28,148.6,172.1,3.52
2026-07-06 14:05:57,12.07,6.96,151.6,184.7,3.49
2026-07-06 14:05:58,11.86,6.96,149.2,181.0,3.46
2026-07-06 14:05:59,11.99,7.21,150.7,178.7,3.52
2026-07-06 14:06:00,12.12,7.18,150.0,180.6,3.53
2026-07-06 14:06:01,11.82,6.99,150.8,178.6,3.52
2026-07-06 14:06:02,11.98,7.1,149.7,176.9,3.49
2026-07-06 14:06:03,12.24,6.94,150.8,185.4,3.52
2026-07-06 14:06:04,11.96,6.96,150.3,182.9,3.42
2026-07-06 14:06:05,12.11,6.98,149.9,184.1,3.46
2026-07-06 14:06:06,11.97,7.25,150.6,178.2,3.46
2026-07-06 14:06:07,12.18,7.08,149.7,185.9,3.49
2026-07-06 14:06:08,11.91,7.02,149.8,181.9,3.54
2026-07-06 14:06:09,12.26,7.08,152.0,188.4,3.45
2026-07-06 14:06:10,12.04,7.06,150.4,178.9,3.49
2026-07-06 14:06:11,12.06,6.97,150.2,183.5,3.52
2026-07-06 14:06:12,12.1,7.05,150.7,185.2,3.49
2026-07-06 14:06:13,11.81,6.91,149.6,181.2,3.54
2026-07-06 14:06:14,12.12,6.88,149.9,185.8,3.48
2026-07-06 14:06:15,12.03,7.12,149.3,179.5,3.58
2026-07-06 14:06:16,12.11,7.14,148.2,178.4,3.39
2026-07-06 14:06:17,11.86,7.01,149.8,179.5,3.46
2026-07-06 14:06:18,12.04,7.04,149.1,183.5,3.48
2026-07-06 14:06:19,12.0,7.08,149.4,180.2,3.52
2026-07-06 14:06:20,11.9,6.98,149.9,181.5,3.45
2026-07-06 14:06:21,12.08,6.99,148.2,181.6,3.48
2026-07-06 14:06:22,11.83,7.09,150.0,176.3,3.46
2026-07-06 14:06:23,11.99,7.0,150.1,181.9,3.44
2026-07-06 14:06:24,11.9,6.96,147.8,179.5,3.43
2026-07-06 14:06:25,11.97,6.91,150.8,185.0,3.53
2026-07-06 14:06:26,11.98,7.04,148.8,179.5,3.5
2026-07-06 14:06:27,12.14,7.17,150.2,180.7,3.42
2026-07-06 14:06:28,11.94,7.12,150.2,178.7,3.45
2026-07-06 14:06:29,11.86,7.02,150.0,180.6,3.44
2026-07-06 14:06:30,12.05,7.05,150.9,185.2,3.43
2026-07-06 14:06:31,11.81,6.98,149.5,180.1,3.45
2026-07-06 14:06:32,12.05,7.09,149.7,181.0,3.48
2026-07-06 14:06:33,11.91,7.09,149.2,180.8,3.48
2026-07-06 14:06:34,11.94,7.02,150.0,181.3,3.51
2026-07-06 14:06:35,12.0,7.02,149.5,183.5,3.47
2026-07-06 14:06:36,12.11,7.04,147.9,182.3,3.61
2026-07-06 14:06:37,11.98,6.88,149.1,185.8,3.5
2026-07-06 14:06:38,12.15,7.04,150.9,185.9,3.47
2026-07-06 14:06:39,12.05,6.96,149.3,183.5,3.37
2026-07-06 14:06:40,11.78,7.16,151.4,176.0,3.51
2026-07-06 14:06:41,11.94,7.0,148.9,181.3,3.56
2026-07-06 14:06:42,11.98,7.02,150.4,182.2,3.52
2026-07-06 14:06:43,11.81,7.02,150.5,181.5,3.47
2026-07-06 14:06:44,12.14,6.81,149.2,186.2,3.46
2026-07-06 14:06:45,12.02,6.93,149.9,181.5,3.59
2026-07-06 14:06:46,11.86,6.99,148.7,178.7,3.4
2026-07-06 14:06:47,12.09,7.03,150.8,185.9,3.57
2026-07-06 14:06:48,12.21,6.99,150.8,187.7,3.49
2026-07-06 14:06:49,11.89,7.07,149.8,181.1,3.48
2026-07-06 14:06:50,11.88,7.0,149.7,183.3,3.43
2026-07-06 14:06:51,12.08,7.01,150.7,183.3,3.38
2026-07-06 14:06:52,11.74,7.08,149.1,175.4,3.49
2026-07-06 14:06:53,11.97,7.07,150.0,181.0,3.54
2026-07-06 14:06:54,11.81,6.93,147.3,177.7,3.53
2026-07-06 14:06:55,11.74,6.91,148.9,179.1,3.49
2026-07-06 14:06:56,12.22,6.97,150.5,185.7,3.54
2026-07-06 14:06:57,12.03,6.98,150.8,180.7,3.5
2026-07-06 14:06:58,12.14,7.01,148.6,183.7,3.49
2026-07-06 14:06:59,12.15,6.96,150.8,184.0,3.43
2026-07-06 14:07:00,12.25,7.1,148.6,183.3,3.47
2026-07-06 14:07:01,12.01,7.13,148.3,180.5,3.5
2026-07-06 14:07:02,12.01,7.04,151.2,183.1,3.54
2026-07-06 14:07:03,12.01,7.06,151.1,180.9,3.42
2026-07-06 14:07:04,12.37,6.96,150.7,191.4,3.57
2026-07-06 14:07:05,11.78,6.81,149.9,183.7,3.52
2026-07-06 14:07:06,11.9,6.86,148.9,184.3,3.58
2026-07-06 14:07:07,11.97,7.01,149.6,182.8,3.44
2026-07-06 14:07:08,12.12,7.11,151.5,185.2,3.46
2026-07-06 14:07:09,12.21,6.97,148.9,186.4,3.44
2026-07-06 14:07:10,11.8,7.18,149.9,175.0,3.51
2026-07-06 14:07:11,12.12,7.04,151.8,183.6,3.56
2026-07-06 14:07:12,11.91,7.05,150.0,181.9,3.56
2026-07-06 14:07:13,11.84,7.1,151.4,177.7,3.43
2026-07-06 14:07:14,11.93,7.02,150.3,176.8,3.54
2026-07-06 14:07:15,11.9,7.05,151.9,182.5,3.46
2026-07-06 14:07:16,11.91,6.93,148.2,183.3,3.46
2026-07-06 14:07:17,12.1,7.1,149.6,180.5,3.48
2026-07-06 14:07:18,11.78,7.15,150.1,176.0,3.55
2026-07-06 14:07:19,11.91,7.11,151.1,179.6,3.44
2026-07-06 14:07:20,12.18,7.13,147.9,180.8,3.48
2026-07-06 14:07:21,12.13,7.14,149.8,183.4,3.51
2026-07-06 14:07:22,11.98,7.01,149.3,179.9,3.44
2026-07-06 14:07:23,11.89,7.0,150.2,182.2,3.51
2026-07-06 14:07:24,12.17,7.04,151.4,185.8,3.47
2026-07-06 14:07:25,11.78,7.11,150.6,175.6,3.46
2026-07-06 14:07:26,11.94,7.04,151.3,180.6,3.49
2026-07-06 14:07:27,11.9,6.95,152.3,183.2,3.54
2026-07-06 14:07:28,11.69,7.09,150.0,176.1,3.47
2026-07-06 14:07:29,11.96,7.0,147.1,181.4,3.52
2026-07-06 14:07:30,12.13,7.1,148.3,181.4,3.44
2026-07-06 14:07:31,12.06,6.97,150.9,182.1,3.48
2026-07-06 14:07:32,11.97,6.93,150.9,184.0,3.51
2026-07-06 14:07:33,12.21,6.88,150.7,187.6,3.51
2026-07-06 14:07:34,12.14,7.08,151.4,184.7,3.49
2026-07-06 14:07:35,12.19,6.81,149.3,188.6,3.56
2026-07-06 14:07:36,11.8,6.96,149.5,180.9,3.58
2026-07-06 14:07:37,11.93,7.03,149.4,180.1,3.45
2026-07-06 14:07:38,11.97,7.04,149.6,182.7,3.44
2026-07-06 14:07:39,12.04,7.04,149.8,181.5,3.46
2026-07-06 14:07:40,11.85,7.04,149.1,177.9,3.51
2026-07-06 14:07:41,11.77,6.87,150.5,181.1,3.51
2026-07-06 14:07:42,12.04,6.79,149.0,185.7,3.53
2026-07-06 14:07:43,12.24,6.93,150.0,186.8,3.5
2026-07-06 14:07:44,11.82,7.03,150.9,180.6,3.47
2026-07-06 14:07:45,12.05,6.99,152.1,184.6,3.6
2026-07-06 14:07:46,11.82,7.06,151.0,179.1,3.54
2026-07-06 14:07:47,12.0,7.11,151.5,182.1,3.51
2026-07-06 14:07:48,11.98,7.11,151.2,181.6,3.47
2026-07-06 14:07:49,12.1,7.04,149.5,183.0,3.51
2026-07-06 14:07:50,11.9,7.05,150.9,182.4,3.44
2026-07-06 14:07:51,12.02,6.98,150.0,182.2,3.54
2026-07-06 14:07:52,11.9,6.91,152.0,184.7,3.53
2026-07-06 14:07:53,11.76,7.15,150.9,178.3,3.4
2026-07-06 14:07:54,11.96,6.98,149.0,182.8,3.48
2026-07-06 14:07:55,12.23,6.98,149.0,188.5,3.47
2026-07-06 14:07:56,12.02,6.93,149.7,183.5,3.47
2026-07-06 14:07:57,12.2,6.97,149.7,186.5,3.46
2026-07-06 14:07:58,12.38,6.91,151.3,191.7,3.49
2026-07-06 14:07:59,11.89,6.89,148.9,181.8,3.52
2026-07-06 14:08:00,12.12,6.94,147.2,183.9,3.45
2026-07-06 14:08:01,12.27,7.04,149.6,186.1,3.47
2026-07-06 14:08:02,12.09,6.83,149.4,184.8,3.45
2026-07-06 14:08:03,11.89,7.04,148.3,178.6,3.49
2026-07-06 14:08:04,12.15,7.03,150.2,182.7,3.51
2026-07-06 14:08:05,12.08,7.01,150.3,182.2,3.55
2026-07-06 14:08:06,11.95,7.0,150.7,183.9,3.47
2026-07-06 14:08:07,11.95,6.92,149.2,183.8,3.5
2026-07-06 14:08:08,12.08,6.95,148.9,184.6,3.57
2026-07-06 14:08:09,11.87,7.03,149.8,182.4,3.51
2026-07-06 14:08:10,12.16,7.05,148.4,180.9,3.48
2026-07-06 14:08:11,11.95,7.15,149.8,179.8,3.53
2026-07-06 14:08:12,12.32,7.13,149.5,184.7,3.42
2026-07-06 14:08:13,12.01,7.1,148.8,178.0,3.48
2026-07-06 14:08:14,12.24,7.2,150.1,182.6,3.55
2026-07-06 14:08:15,11.89,6.96,150.5,187.2,3.55
2026-07-06 14:08:16,12.02,7.02,149.0,178.9,3.52
2026-07-06 14:08:17,11.94,6.93,148.5,183.3,3.47
2026-07-06 14:08:18,11.83,6.91,150.2,179.7,3.47
2026-07-06 14:08:19,12.02,6.88,151.5,185.6,3.47
2026-07-06 14:08:20,12.03,6.99,148.8,181.3,3.5
2026-07-06 14:08:21,11.93,7.16,148.0,179.4,3.51
2026-07-06 14:08:22,12.11,7.06,150.3,184.4,3.55
2026-07-06 14:08:23,12.13,7.14,150.2,178.9,3.51
2026-07-06 14:08:24,11.69,7.09,150.8,175.9,3.53
2026-07-06 14:08:25,11.98,7.01,148.6,180.7,3.4
2026-07-06 14:08:26,12.18,6.85,150.1,189.3,3.47
2026-07-06 14:08:27,11.92,7.01,150.2,181.8,3.5
2026-07-06 14:08:28,11.87,6.92,151.2,184.8,3.44
2026-07-06 14:08:29,12.24,6.98,149.9,186.7,3.49
2026-07-06 14:08:30,11.79,7.03,151.0,178.9,3.48
2026-07-06 14:08:31,12.11,7.04,149.7,181.8,3.5
2026-07-06 14:08:32,12.06,6.87,149.0,183.6,3.53
2026-07-06 14:08:33,11.97,6.98,150.0,183.9,3.53
2026-07-06 14:08:34,12.03,6.89,149.4,187.6,3.47
2026-07-06 14:08:35,12.06,6.93,151.6,184.6,3.48
2026-07-06 14:08:36,12.17,6.94,148.9,185.5,3.48
2026-07-06 14:08:37,12.18,7.0,150.5,185.2,3.53
2026-07-06 14:08:38,11.97,7.12,150.9,180.4,3.5
2026-07-06 14:08:39,12.07,6.97,149.1,184.6,3.52
2026-07-06 14:08:40,11.94,6.96,149.0,183.9,3.59
2026-07-06 14:08:41,12.04,7.04,149.6,183.4,3.5
2026-07-06 14:08:42,11.98,6.9,151.5,184.3,3.48
2026-07-06 14:08:43,12.15,6.94,149.4,185.9,3.52
2026-07-06 14:08:44,12.03,7.17,150.1,179.7,3.55
2026-07-06 14:08:45,11.84,7.05,150.7,180.2,3.58
2026-07-06 14:08:46,12.07,7.09,149.4,182.2,3.5
2026-07-06 14:08:47,12.15,6.94,148.4,184.3,3.51
2026-07-06 14:08:48,11.85,7.15,149.2,178.7,3.52
2026-07-06 14:08:49,12.01,6.99,152.6,183.8,3.52
2026-07-06 14:08:50,11.97,7.0,148.1,183.5,3.46
2026-07-06 14:08:51,11.94,6.91,149.9,181.8,3.49
2026-07-06 14:08:52,12.22,6.91,148.3,188.1,3.53
2026-07-06 14:08:53,12.05,6.98,149.1,182.8,3.47
2026-07-06 14:08:54,11.93,7.01,151.4,180.6,3.51
2026-07-06 14:08:55,11.95,7.08,151.0,182.6,3.53
2026-07-06 14:08:56,12.01,7.17,150.4,181.0,3.57
2026-07-06 14:08:57,11.76,6.93,149.1,179.3,3.51
2026-07-06 14:08:58,11.74,6.94,149.4,178.4,3.41
2026-07-06 14:08:59,11.8,6.93,147.4,177.3,3.46
2026-07-06 14:09:00,11.83,7.0,151.6,179.5,3.47
2026-07-06 14:09:01,11.84,6.96,150.0,180.2,3.44
2026-07-06 14:09:02,11.65,6.9,150.1,177.8,3.46
2026-07-06 14:09:03,12.04,7.09,148.5,182.7,3.43
2026-07-06 14:09:04,12.17,6.99,149.7,182.3,3.49
2026-07-06 14:09:05,12.05,7.06,152.7,184.4,3.47
2026-07-06 14:09:06,11.94,7.0,150.0,181.1,3.55
2026-07-06 14:09:07,12.2,7.1,151.3,183.7,3.49
2026-07-06 14:09:08,12.07,7.02,149.7,181.1,3.54
2026-07-06 14:09:09,12.01,6.83,149.9,185.0,3.46
2026-07-06 14:09:10,11.9,6.96,149.0,178.9,3.4
2026-07-06 14:09:11,11.65,6.92,150.5,177.1,3.52
2026-07-06 14:09:12,11.95,6.9,149.4,183.2,3.53
2026-07-06 14:09:13,11.81,7.12,149.5,176.7,3.45
2026-07-06 14:09:14,12.01,6.87,148.5,183.2,3.46
2026-07-06 14:09:15,11.99,6.98,149.2,181.6,3.51
2026-07-06 14:09:16,12.22,6.87,149.4,186.8,3.49
2026-07-06 14:09:17,12.13,6.9,149.2,184.0,3.49
2026-07-06 14:09:18,11.69,7.0,149.7,176.6,3.47
2026-07-06 14:09:19,11.79,7.03,149.8,178.3,3.5
2026-07-06 14:09:20,12.02,6.96,150.7,184.4,3.43
2026-07-06 14:09:21,11.95,6.9,148.4,183.3,3.47
2026-07-06 14:09:22,12.04,6.93,149.7,185.7,3.34
2026-07-06 14:09:23,11.99,6.9,149.3,184.8,3.44
2026-07-06 14:09:24,12.03,7.13,150.2,182.2,3.56
2026-07-06 14:09:25,11.8,7.02,149.0,178.7,3.49
2026-07-06 14:09:26,11.97,7.15,152.1,184.7,3.53
2026-07-06 14:09:27,11.83,6.97,151.3,181.5,3.49
2026-07-06 14:09:28,11.99,7.06,150.7,179.7,3.48
2026-07-06 14:09:29,12.23,7.06,149.8,183.5,3.55
2026-07-06 14:09:30,11.88,7.22,150.0,178.5,3.52
2026-07-06 14:09:31,12.16,6.79,148.9,186.9,3.43
2026-07-06 14:09:32,11.78,6.98,150.0,181.0,3.48
2026-07-06 14:09:33,12.36,6.91,150.5,188.6,3.46
2026-07-06 14:09:34,12.15,6.96,149.1,185.4,3.49
2026-07-06 14:09:35,12.13,7.13,149.6,183.5,3.55
2026-07-06 14:09:36,11.73,7.02,148.8,176.2,3.52
2026-07-06 14:09:37,12.16,7.02,148.3,184.0,3.41
2026-07-06 14:09:38,12.14,6.86,149.0,187.5,3.54
2026-07-06 14:09:39,11.96,6.91,147.6,180.1,3.56
2026-07-06 14:09:40,11.98,6.87,149.2,184.6,3.46
2026-07-06 14:09:41,12.1,6.95,151.2,186.2,3.51
2026-07-06 14:09:42,12.05,7.01,148.2,184.9,3.57
2026-07-06 14:09:43,12.13,7.1,147.9,183.3,3.44
2026-07-06 14:09:44,11.94,7.13,149.7,178.3,3.52
2026-07-06 14:09:45,11.93,7.09,149.4,178.6,3.5
2026-07-06 14:09:46,12.33,7.01,149.9,188.8,3.41
2026-07-06 14:09:47,11.88,7.14,150.2,178.3,3.47
2026-07-06 14:09:48,12.3,7.12,149.6,186.0,3.47
2026-07-06 14:09:49,12.04,6.92,151.3,183.8,3.48
2026-07-06 14:09:50,11.95,6.98,149.8,182.9,3.56
2026-07-06 14:09:51,11.96,7.16,150.3,179.5,3.44
2026-07-06 14:09:52,12.09,7.2,150.8,181.9,3.58
2026-07-06 14:09:53,11.99,7.0,147.5,180.2,3.56
2026-07-06 14:09:54,11.83,6.88,151.1,183.8,3.53
2026-07-06 14:09:55,11.91,7.07,150.3,179.5,3.45
2026-07-06 14:09:56,12.16,7.14,150.6,181.5,3.59
2026-07-06 14:09:57,12.17,6.88,148.7,187.4,3.54
2026-07-06 14:09:58,11.96,7.04,151.4,183.4,3.46
2026-07-06 14:09:59,11.98,6.97,151.0,183.7,3.52
2026-07-06 14:10:00,12.17,7.04,151.4,186.7,3.46
2026-07-06 14:10:01,11.85,7.19,148.3,175.8,3.46
2026-07-06 14:10:02,12.04,7.07,150.1,182.6,3.58
2026-07-06 14:10:03,12.01,7.06,152.3,185.6,3.59
2026-07-06 14:10:04,12.14,7.02,149.0,184.5,3.49
2026-07-06 14:10:05,11.7,6.95,150.4,178.0,3.5
2026-07-06 14:10:06,12.06,7.06,150.0,182.9,3.59
2026-07-06 14:10:07,11.95,7.08,150.5,182.3,3.43
2026-07-06 14:10:08,11.85,7.12,152.0,179.4,3.47
2026-07-06 14:10:09,11.87,7.0,149.6,179.6,3.49
2026-07-06 14:10:10,12.12,7.08,150.3,182.3,3.41
2026-07-06 14:10:11,12.14,6.95,149.8,186.4,3.5
2026-07-06 14:10:12,11.71,6.89,149.8,179.6,3.55
2026-07-06 14:10:13,12.41,7.0,150.8,187.3,3.49
2026-07-06 14:10:14,12.27,7.06,147.2,186.1,3.6
2026-07-06 14:10:15,12.09,6.93,148.5,184.8,3.49
2026-07-06 14:10:16,11.83,7.02,149.1,180.5,3.42
2026-07-06 14:10:17,11.94,6.85,150.7,184.8,3.51
2026-07-06 14:10:18,11.97,6.95,151.0,185.1,3.47
2026-07-06 14:10:19,11.63,6.83,151.7,180.8,3.49
2026-07-06 14:10:20,12.17,6.97,151.1,184.5,3.44
2026-07-06 14:10:21,11.87,7.1,149.2,175.9,3.47
2026-07-06 14:10:22,11.65,6.87,150.4,180.7,3.41
2026-07-06 14:10:23,12.03,6.96,149.2,184.2,3.6
2026-07-06 14:10:24,12.02,7.02,148.3,182.3,3.46
2026-07-06 14:10:25,12.15,7.1,150.5,180.9,3.44
2026-07-06 14:10:26,12.09,7.09,150.2,181.6,3.48
2026-07-06 14:10:27,11.92,6.99,150.8,180.8,3.53
2026-07-06 14:10:28,11.9,7.13,150.2,177.2,3.47
2026-07-06 14:10:29,11.98,6.99,151.4,181.3,3.48
2026-07-06 14:10:30,11.67,6.91,150.1,179.1,3.55
2026-07-06 14:10:31,11.92,6.98,150.1,181.2,3.49
2026-07-06 14:10:32,11.99,6.88,149.8,184.1,3.57
2026-07-06 14:10:33,12.13,7.11,151.3,182.1,3.54
2026-07-06 14:10:34,12.13,6.95,149.0,185.7,3.54
2026-07-06 14:10:35,12.05,7.0,149.8,186.0,3.57
2026-07-06 14:10:36,11.97,6.91,150.4,185.5,3.65
2026-07-06 14:10:37,12.24,7.21,149.3,183.5,3.43
2026-07-06 14:10:38,12.02,6.9,150.2,184.5,3.54
2026-07-06 14:10:39,11.88,7.01,151.0,182.8,3.42
2026-07-06 14:10:40,12.25,7.14,150.4,185.6,3.58
2026-07-06 14:10:41,11.84,6.86,151.4,184.5,3.49
2026-07-06 14:10:42,11.88,7.03,149.7,181.6,3.48
2026-07-06 14:10:43,12.24,7.15,148.5,182.1,3.52
2026-07-06 14:10:44,12.13,6.94,149.1,184.9,3.44
2026-07-06 14:10:45,11.98,6.86,148.6,183.8,3.56
2026-07-06 14:10:46,11.94,6.85,148.9,182.4,3.53
2026-07-06 14:10:47,12.09,7.1,152.3,183.4,3.54
2026-07-06 14:10:48,11.96,7.18,149.5,179.3,3.58
2026-07-06 14:10:49,11.98,7.15,149.4,179.5,3.5
2026-07-06 14:10:50,12.06,7.03,151.1,184.6,3.42
2026-07-06 14:10:51,11.78,6.91,150.2,179.6,3.53
2026-07-06 14:10:52,11.95,6.88,151.9,181.8,3.54
2026-07-06 14:10:53,11.82,6.98,150.9,179.3,3.38
2026-07-06 14:10:54,11.97,7.03,150.9,181.4,3.41
2026-07-06 14:10:55,11.99,7.13,151.1,179.7,3.36
2026-07-06 14:10:56,11.88,6.82,148.6,183.0,3.51
2026-07-06 14:10:57,12.07,6.89,152.5,187.5,3.55
2026-07-06 14:10:58,11.78,6.92,149.3,180.5,3.51
2026-07-06 14:10:59,12.26,7.06,148.3,184.7,3.52
2026-07-06 14:11:00,12.17,7.11,150.4,181.9,3.51
2026-07-06 14:11:01,12.05,7.08,152.4,185.2,3.53
2026-07-06 14:11:02,11.95,6.95,149.9,181.6,3.47
2026-07-06 14:11:03,11.96,7.11,150.0,178.0,3.52
2026-07-06 14:11:04,11.82,6.99,150.9,179.3,3.48
2026-07-06 14:11:05,11.9,7.03,150.5,181.2,3.58
2026-07-06 14:11:06,11.95,7.01,148.1,181.1,3.51
2026-07-06 14:11:07,11.68,6.97,148.7,176.2,3.5
2026-07-06 14:11:08,11.95,7.21,150.6,178.5,3.42
2026-07-06 14:11:09,11.99,7.01,151.8,183.4,3.48
2026-07-06 14:11:10,12.11,7.06,149.9,182.4,3.44
2026-07-06 14:11:11,11.76,6.95,151.5,178.3,3.54
2026-07-06 14:11:12,12.14,6.99,149.2,186.2,3.44
2026-07-06 14:11:13,11.91,7.0,150.2,180.1,3.54
2026-07-06 14:11:14,12.38,7.07,147.1,188.2,3.49
2026-07-06 14:11:15,11.89,6.9,150.2,181.8,3.52
2026-07-06 14:11:16,11.77,6.97,150.0,178.7,3.55
2026-07-06 14:11:17,12.15,6.96,148.7,184.0,3.52
2026-07-06 14:11:18,11.98,6.92,147.7,182.5,3.5
2026-07-06 14:11:19,12.24,6.85,148.0,183.4,3.43
2026-07-06 14:11:20,12.09,7.13,150.4,182.4,3.49
2026-07-06 14:11:21,11.84,6.86,149.1,181.3,3.43
2026-07-06 14:11:22,12.05,7.17,148.2,176.9,3.51
2026-07-06 14:11:23,12.06,6.87,149.7,184.2,3.51
2026-07-06 14:11:24,12.12,7.17,152.1,181.6,3.54
2026-07-06 14:11:25,11.79,7.05,151.5,176.7,3.51
2026-07-06 14:11:26,11.97,6.96,149.0,180.6,3.52
2026-07-06 14:11:27,12.04,6.88,150.1,185.7,3.45
2026-07-06 14:11:28,11.85,7.1,150.1,179.6,3.44
2026-07-06 14:11:29,12.26,7.07,149.6,185.9,3.54
2026-07-06 14:11:30,11.73,7.09,146.8,173.5,3.43
2026-07-06 14:11:31,11.71,6.83,149.5,180.3,3.58
2026-07-06 14:11:32,11.77,7.03,148.3,178.3,3.53
2026-07-06 14:11:33,11.68,6.94,148.2,176.6,3.44
2026-07-06 14:11:34,12.27,7.0,149.5,187.5,3.51
2026-07-06 14:11:35,11.87,7.12,149.5,179.5,3.48
2026-07-06 14:11:36,11.86,7.01,149.6,180.9,3.54
2026-07-06 14:11:37,11.95,7.17,150.0,179.1,3.5
2026-07-06 14:11:38,11.86,7.06,151.8,179.9,3.54
2026-07-06 14:11:39,11.68,7.17,147.9,173.9,3.49
2026-07-06 14:11:40,11.96,7.13,150.7,179.1,3.63
2026-07-06 14:11:41,11.52,6.96,150.8,175.9,3.51
2026-07-06 14:11:42,12.09,7.15,149.1,183.3,3.58
2026-07-06 14:11:43,12.1,6.99,147.9,182.9,3.48
2026-07-06 14:11:44,12.02,7.02,150.6,181.7,3.43
2026-07-06 14:11:45,12.02,6.85,149.4,185.0,3.52
2026-07-06 14:11:46,12.16,6.91,149.8,186.8,3.5
2026-07-06 14:11:47,12.25,6.92,151.5,187.7,3.58
2026-07-06 14:11:48,12.04,6.89,148.8,181.5,3.58
2026-07-06 14:11:49,11.81,7.07,148.7,176.4,3.52
2026-07-06 14:11:50,12.09,6.9,150.9,187.7,3.52
2026-07-06 14:11:51,11.88,7.05,152.6,183.7,3.5
2026-07-06 14:11:52,11.8,6.89,148.9,179.1,3.49
2026-07-06 14:11:53,11.8,6.92,150.4,181.8,3.47
2026-07-06 14:11:54,12.07,6.98,151.3,185.5,3.52
2026-07-06 14:11:55,11.89,6.96,150.4,182.8,3.52
2026-07-06 14:11:56,12.01,6.99,148.3,180.2,3.53
2026-07-06 14:11:57,12.06,6.82,149.3,186.9,3.5
2026-07-06 14:11:58,12.24,7.29,148.9,179.2,3.48
2026-07-06 14:11:59,12.22,7.08,150.0,184.3,3.62
2026-07-06 14:12:00,12.29,7.13,150.3,188.4,3.51
2026-07-06 14:12:01,12.12,7.15,150.9,182.8,3.57
2026-07-06 14:12:02,11.73,6.95,149.0,177.3,3.51
2026-07-06 14:12:03,12.06,7.16,149.4,180.0,3.59
2026-07-06 14:12:04,11.71,6.94,150.0,178.7,3.48
2026-07-06 14:12:05,11.87,7.12,148.8,177.2,3.56
2026-07-06 14:12:06,12.0,6.93,152.6,183.8,3.48
2026-07-06 14:12:07,11.87,7.01,148.2,183.6,3.49
2026-07-06 14:12:08,12.21,6.92,150.6,187.1,3.46
2026-07-06 14:12:09,11.8,7.06,148.9,178.2,3.5
2026-07-06 14:12:10,11.94,7.05,149.6,181.9,3.5
2026-07-06 14:12:11,12.13,7.15,148.7,183.9,3.51
2026-07-06 14:12:12,12.1,7.06,150.1,185.6,3.55
2026-07-06 14:12:13,12.12,6.86,150.7,184.5,3.52
2026-07-06 14:12:14,12.1,7.04,150.2,180.7,3.46
2026-07-06 14:12:15,11.92,6.97,151.4,181.9,3.51
2026-07-06 14:12:16,12.0,6.8,149.5,182.7,3.52
2026-07-06 14:12:17,12.08,6.96,150.3,187.4,3.46
2026-07-06 14:12:18,12.18,7.0,149.2,183.0,3.43
2026-07-06 14:12:19,12.09,6.89,149.4,183.6,3.44
2026-07-06 14:12:20,12.15,7.09,148.6,180.4,3.47
2026-07-06 14:12:21,12.03,7.12,150.1,182.6,3.53
2026-07-06 14:12:22,11.82,6.98,150.4,182.3,3.47
2026-07-06 14:12:23,12.0,6.95,149.5,180.8,3.52
2026-07-06 14:12:24,11.74,7.01,148.3,175.0,3.52
2026-07-06 14:12:25,12.15,6.9,150.8,189.2,3.56
2026-07-06 14:12:26,12.06,6.91,149.9,185.2,3.48
2026-07-06 14:12:27,11.66,7.07,149.6,180.5,3.5
2026-07-06 14:12:28,11.76,7.12,149.9,176.5,3.46
2026-07-06 14:12:29,11.78,7.15,153.2,177.0,3.46
2026-07-06 14:12:30,11.98,7.03,150.5,181.1,3.48
2026-07-06 14:12:31,12.01,7.09,149.3,181.7,3.48
2026-07-06 14:12:32,11.75,7.06,150.1,176.0,3.6
2026-07-06 14:12:33,11.75,7.2,151.0,178.7,3.52
2026-07-06 14:12:34,11.82,7.08,151.4,176.8,3.44
2026-07-06 14:12:35,12.0,6.9,151.2,185.8,3.51
2026-07-06 14:12:36,11.97,6.94,150.2,181.1,3.48
2026-07-06 14:12:37,12.14,7.09,150.2,183.3,3.46
2026-07-06 14:12:38,11.87,7.07,149.7,179.0,3.5
2026-07-06 14:12:39,12.03,6.9,151.7,184.1,3.52
2026-07-06 14:12:40,12.07,7.06,148.1,182.1,3.5
2026-07-06 14:12:41,11.92,7.04,147.1,177.7,3.54
2026-07-06 14:12:42,11.88,6.84,151.2,183.1,3.46
2026-07-06 14:12:43,11.84,6.88,149.4,181.7,3.46
2026-07-06 14:12:44,11.88,7.04,148.3,181.2,3.6
2026-07-06 14:12:45,12.12,7.0,149.1,183.1,3.4
2026-07-06 14:12:46,12.16,7.17,149.9,181.5,3.54
2026-07-06 14:12:47,12.02,7.03,150.8,184.6,3.61
2026-07-06 14:12:48,11.93,6.99,148.5,179.1,3.46
2026-07-06 14:12:49,12.03,7.21,146.7,178.7,3.51
2026-07-06 14:12:50,12.01,7.01,149.5,183.0,3.5
2026-07-06 14:12:51,11.81,7.01,151.5,179.3,3.55
2026-07-06 14:12:52,12.41,6.89,149.4,191.4,3.45
2026-07-06 14:12:53,12.03,6.93,148.3,184.1,3.47
2026-07-06 14:12:54,12.04,6.99,150.0,184.8,3.52
2026-07-06 14:12:55,12.02,6.96,150.0,182.1,3.5
2026-07-06 14:12:56,11.98,6.92,151.3,184.0,3.53
2026-07-06 14:12:57,11.8,7.07,149.7,175.3,3.45
2026-07-06 14:12:58,12.28,6.97,151.0,188.2,3.49
2026-07-06 14:12:59,11.81,7.04,149.0,176.6,3.5
2026-07-06 14:13:00,12.14,6.9,148.3,182.9,3.5
2026-07-06 14:13:01,11.82,6.89,149.0,181.1,3.49
2026-07-06 14:13:02,11.93,6.96,150.6,183.6,3.48
2026-07-06 14:13:03,11.87,6.87,149.0,179.7,3.44
2026-07-06 14:13:04,11.94,6.84,152.9,185.6,3.56
2026-07-06 14:13:05,11.84,6.99,147.9,178.2,3.61
2026-07-06 14:13:06,11.91,7.06,152.5,179.7,3.42
2026-07-06 14:13:07,11.73,7.1,148.6,176.7,3.47
2026-07-06 14:13:08,12.14,7.05,149.1,185.6,3.45
2026-07-06 14:13:09,11.91,7.25,148.6,174.9,3.45
2026-07-06 14:13:10,11.99,7.04,149.5,181.6,3.4
2026-07-06 14:13:11,12.03,7.09,150.0,182.4,3.48
2026-07-06 14:13:12,12.05,7.04,150.9,184.0,3.47
2026-07-06 14:13:13,12.31,6.97,149.1,185.0,3.53
2026-07-06 14:13:14,11.99,7.07,151.0,182.2,3.46
2026-07-06 14:13:15,11.83,6.86,151.0,182.3,3.44
2026-07-06 14:13:16,12.22,7.08,152.2,185.4,3.54
2026-07-06 14:13:17,11.72,6.77,150.1,182.1,3.41
2026-07-06 14:13:18,11.83,6.98,148.5,176.8,3.52
2026-07-06 14:13:19,12.11,6.87,150.0,186.9,3.45
2026-07-06 14:13:20,11.88,7.19,151.7,177.6,3.55
2026-07-06 14:13:21,12.02,6.94,150.8,183.7,3.54
2026-07-06 14:13:22,11.96,6.97,150.5,181.3,3.54
2026-07-06 14:13:23,11.84,7.0,149.8,180.4,3.48
2026-07-06 14:13:24,11.95,6.89,150.2,182.8,3.44
2026-07-06 14:13:25,12.08,6.95,149.3,183.1,3.53
2026-07-06 14:13:26,11.89,7.06,150.0,178.6,3.52
2026-07-06 14:13:27,12.31,7.13,151.1,187.7,3.47
2026-07-06 14:13:28,12.01,6.86,150.6,186.1,3.48
2026-07-06 14:13:29,12.32,7.04,149.0,186.1,3.46
2026-07-06 14:13:30,11.87,7.07,147.6,180.1,3.61
2026-07-06 14:13:31,12.26,6.85,148.8,186.8,3.52
2026-07-06 14:13:32,11.89,6.9,148.1,182.1,3.46
2026-07-06 14:13:33,12.07,7.05,147.0,180.1,3.5
2026-07-06 14:13:34,12.22,6.89,150.3,189.2,3.52
2026-07-06 14:13:35,11.91,6.95,150.2,183.5,3.48
2026-07-06 14:13:36,11.92,7.2,150.5,175.5,3.46
2026-07-06 14:13:37,12.02,7.17,151.5,180.5,3.5
2026-07-06 14:13:38,12.08,7.07,150.4,183.0,3.48
2026-07-06 14:13:39,11.77,7.07,151.1,177.3,3.5
2026-07-06 14:13:40,11.79,7.13,150.8,179.9,3.45
2026-07-06 14:13:41,12.05,7.06,150.7,182.6,3.52
2026-07-06 14:13:42,12.08,7.01,150.1,182.4,3.38
2026-07-06 14:13:43,12.34,7.05,148.6,186.5,3.5
2026-07-06 14:13:44,11.74,7.12,149.9,176.3,3.52
2026-07-06 14:13:45,12.33,7.04,152.7,188.2,3.47
2026-07-06 14:13:46,12.1,6.81,149.1,186.6,3.56
2026-07-06 14:13:47,12.03,7.0,153.3,185.9,3.43
2026-07-06 14:13:48,12.08,6.94,148.7,183.4,3.48
2026-07-06 14:13:49,12.29,6.8,149.2,191.6,3.5
2026-07-06 14:13:50,12.0,6.81,150.5,184.8,3.43
2026-07-06 14:13:51,12.1,7.09,147.3,183.6,3.46
2026-07-06 14:13:52,11.98,7.02,152.3,182.2,3.53
2026-07-06 14:13:53,12.04,7.12,148.0,180.5,3.49
2026-07-06 14:13:54,12.05,7.13,150.4,179.7,3.49
2026-07-06 14:13:55,11.99,6.9,149.5,184.6,3.56
2026-07-06 14:13:56,11.92,7.12,151.3,180.7,3.52
2026-07-06 14:13:57,12.13,6.89,151.5,189.4,3.53
2026-07-06 14:13:58,12.0,6.89,148.9,184.3,3.52
2026-07-06 14:13:59,11.93,6.97,149.8,183.0,3.64
2026-07-06 14:14:00,11.94,7.0,151.1,182.0,3.53
2026-07-06 14:14:01,11.98,6.99,151.2,183.8,3.6
2026-07-06 14:14:02,12.09,7.01,148.7,178.8,3.54
2026-07-06 14:14:03,12.06,6.86,150.2,183.4,3.61
2026-07-06 14:14:04,12.18,7.08,152.3,188.0,3.54
2026-07-06 14:14:05,12.22,6.88,148.6,188.9,3.56
2026-07-06 14:14:06,12.01,6.97,150.5,184.5,3.5
2026-07-06 14:14:07,11.92,7.12,149.4,178.8,3.49
2026-07-06 14:14:08,12.16,7.07,148.5,183.8,3.5
2026-07-06 14:14:09,11.87,6.97,150.6,181.3,3.44
2026-07-06 14:14:10,12.03,6.89,148.1,184.4,3.46
2026-07-06 14:14:11,12.09,7.0,150.9,184.0,3.49
2026-07-06 14:14:12,11.93,7.06,150.6,182.6,3.5
2026-07-06 14:14:13,11.92,7.02,148.1,180.2,3.47
2026-07-06 14:14:14,12.04,6.96,150.1,185.5,3.39
2026-07-06 14:14:15,12.05,6.83,150.7,190.7,3.55
2026-07-06 14:14:16,12.15,6.92,151.0,186.3,3.44
2026-07-06 14:14:17,12.37,6.98,151.5,191.1,3.54
2026-07-06 14:14:18,11.81,6.97,151.0,181.3,3.52
2026-07-06 14:14:19,12.38,6.85,149.8,188.0,3.5
2026-07-06 14:14:20,12.06,7.0,150.6,184.7,3.5
2026-07-06 14:14:21,11.72,6.85,151.6,180.2,3.53
2026-07-06 14:14:22,12.2,7.11,149.0,182.5,3.46
2026-07-06 14:14:23,11.95,7.04,150.3,184.4,3.43
2026-07-06 14:14:24,11.86,7.09,149.2,179.8,3.55
2026-07-06 14:14:25,11.89,6.94,149.8,182.8,3.58
2026-07-06 14:14:26,11.94,7.05,148.7,179.2,3.47
2026-07-06 14:14:27,12.14,6.83,148.4,186.8,3.58
2026-07-06 14:14:28,11.89,7.02,150.2,181.6,3.58
2026-07-06 14:14:29,11.85,6.97,147.9,178.3,3.47
2026-07-06 14:14:30,12.02,6.98,151.3,184.3,3.46
2026-07-06 14:14:31,11.91,6.83,149.9,184.0,3.51
2026-07-06 14:14:32,11.92,6.95,149.5,180.4,3.53
2026-07-06 14:14:33,11.88,6.92,147.8,181.4,3.6
2026-07-06 14:14:34,12.18,7.07,150.0,184.6,3.44
2026-07-06 14:14:35,12.09,6.9,150.2,185.2,3.44
2026-07-06 14:14:36,12.07,6.94,151.0,184.6,3.5
2026-07-06 14:14:37,12.07,7.04,148.1,183.1,3.49
2026-07-06 14:14:38,11.83,7.07,149.5,175.9,3.43
2026-07-06 14:14:39,11.83,7.11,150.9,176.2,3.52
2026-07-06 14:14:40,12.03,6.91,150.9,181.3,3.46
2026-07-06 14:14:41,12.21,6.92,151.4,186.7,3.44
2026-07-06 14:14:42,11.91,7.08,150.9,180.3,3.54
2026-07-06 14:14:43,12.28,7.04,150.8,186.8,3.5
2026-07-06 14:14:44,11.72,6.85,149.0,179.1,3.5
2026-07-06 14:14:45,12.15,6.83,149.7,190.2,3.49
2026-07-06 14:14:46,11.98,6.88,150.6,183.8,3.53
2026-07-06 14:14:47,11.86,6.8,149.7,183.6,3.49
2026-07-06 14:14:48,12.01,6.96,150.4,183.9,3.55
2026-07-06 14:14:49,11.79,7.05,152.1,178.3,3.44
2026-07-06 14:14:50,11.92,6.89,149.4,183.4,3.58
2026-07-06 14:14:51,11.9,6.88,152.3,182.9,3.41
2026-07-06 14:14:52,12.1,6.83,149.3,186.3,3.54
2026-07-06 14:14:53,12.07,6.93,150.2,183.6,3.56
2026-07-06 14:14:54,12.11,6.99,148.6,185.2,3.41
2026-07-06 14:14:55,12.09,7.09,149.0,181.9,3.55
2026-07-06 14:14:56,11.85,7.15,150.0,179.0,3.51
2026-07-06 14:14:57,11.94,6.96,147.8,182.5,3.52
2026-07-06 14:14:58,12.15,7.1,149.4,184.7,3.51
2026-07-06 14:14:59,12.0,6.81,149.2,186.7,3.52
2026-07-06 14:15:00,12.07,7.21,151.0,180.9,3.45
2026-07-06 14:15:01,11.99,7.07,148.9,180.4,3.54
2026-07-06 14:15:02,12.02,6.92,150.4,186.3,3.51
2026-07-06 14:15:03,11.78,7.01,151.5,179.9,3.61
2026-07-06 14:15:04,12.19,6.99,149.9,184.5,3.5
2026-07-06 14:15:05,12.03,6.98,149.2,180.0,3.48
2026-07-06 14:15:06,12.03,7.04,150.2,180.4,3.51
2026-07-06 14:15:07,12.05,6.95,151.5,183.9,3.49
2026-07-06 14:15:08,12.14,6.98,150.5,186.2,3.49
2026-07-06 14:15:09,12.0,6.93,152.4,183.9,3.52
2026-07-06 14:15:10,12.11,6.96,149.9,183.0,3.42
2026-07-06 14:15:11,12.18,6.95,150.8,187.5,3.46
2026-07-06 14:15:12,11.67,7.09,148.6,176.1,3.45
2026-07-06 14:15:13,11.77,6.92,150.2,180.2,3.5
2026-07-06 14:15:14,12.07,6.94,148.7,182.5,3.45
2026-07-06 14:15:15,11.86,6.98,149.6,180.1,3.39
2026-07-06 14:15:16,12.11,7.14,151.1,181.7,3.45
2026-07-06 14:15:17,12.02,6.98,148.7,182.9,3.51
2026-07-06 14:15:18,11.86,7.03,150.1,181.0,3.46
2026-07-06 14:15:19,11.96,6.83,149.4,184.0,3.47
2026-07-06 14:15:20,12.07,7.09,149.0,183.2,3.52
2026-07-06 14:15:21,12.09,6.85,149.1,185.3,3.49
2026-07-06 14:15:22,12.04,7.03,150.9,183.4,3.52
2026-07-06 14:15:23,12.0,6.96,151.3,181.5,3.55
2026-07-06 14:15:24,12.22,6.97,150.0,186.5,3.46
2026-07-06 14:15:25,11.97,6.91,150.1,185.6,3.49
2026-07-06 14:15:26,11.89,7.04,151.1,179.0,3.54
2026-07-06 14:15:27,12.1,7.08,151.2,185.1,3.43
2026-07-06 14:15:28,11.85,6.91,148.5,183.0,3.49
2026-07-06 14:15:29,12.03,6.88,151.2,186.4,3.56
2026-07-06 14:15:30,12.25,6.85,149.9,186.4,3.53
2026-07-06 14:15:31,11.79,7.0,148.3,181.1,3.44
2026-07-06 14:15:32,11.91,6.88,152.8,186.4,3.64
2026-07-06 14:15:33,12.2,6.97,150.6,187.6,3.56
2026-07-06 14:15:34,12.39,7.03,147.8,187.1,3.47
2026-07-06 14:15:35,11.69,6.74,149.6,183.1,3.52
2026-07-06 14:15:36,11.94,6.94,151.5,181.1,3.42
2026-07-06 14:15:37,11.84,6.97,149.8,180.6,3.5
2026-07-06 14:15:38,11.88,7.02,148.0,177.9,3.53
2026-07-06 14:15:39,12.11,7.06,150.7,184.4,3.52
2026-07-06 14:15:40,11.83,6.97,150.3,180.0,3.55
2026-07-06 14:15:41,11.87,7.02,150.2,182.9,3.41
2026-07-06 14:15:42,12.15,7.23,150.1,180.0,3.48
2026-07-06 14:15:43,11.84,7.07,149.5,179.8,3.46
2026-07-06 14:15:44,11.98,7.11,149.7,179.4,3.51
2026-07-06 14:15:45,11.98,7.08,151.7,181.9,3.45
2026-07-06 14:15:46,12.31,6.92,152.9,190.7,3.63
2026-07-06 14:15:47,11.95,6.95,149.6,181.6,3.49
2026-07-06 14:15:48,12.15,6.98,150.1,186.3,3.53
2026-07-06 14:15:49,12.2,6.94,150.1,192.2,3.4
2026-07-06 14:15:50,11.86,6.87,149.7,182.5,3.54
2026-07-06 14:15:51,12.04,6.95,150.9,182.9,3.48
2026-07-06 14:15:52,12.02,7.02,148.9,180.4,3.5
2026-07-06 14:15:53,11.96,7.12,150.5,179.8,3.51
2026-07-06 14:15:54,12.14,6.95,153.0,187.1,3.51
2026-07-06 14:15:55,12.32,6.94,150.7,188.9,3.48
2026-07-06 14:15:56,12.05,6.92,149.1,184.8,3.41
2026-07-06 14:15:57,12.24,7.07,150.2,185.8,3.47
2026-07-06 14:15:58,11.99,7.08,150.7,180.3,3.42
2026-07-06 14:15:59,12.03,7.03,150.8,181.7,3.59
2026-07-06 14:16:00,12.02,6.96,151.3,184.5,3.44
2026-07-06 14:16:01,12.12,6.9,148.3,185.8,3.48
2026-07-06 14:16:02,11.9,6.86,150.4,184.2,3.45
2026-07-06 14:16:03,12.01,7.16,152.6,179.9,3.53
2026-07-06 14:16:04,11.93,7.06,150.9,181.0,3.54
2026-07-06 14:16:05,12.07,6.97,149.7,183.7,3.45
2026-07-06 14:16:06,11.95,7.09,150.9,180.7,3.6
2026-07-06 14:16:07,11.93,6.93,151.0,184.1,3.59
2026-07-06 14:16:08,12.0,7.04,151.2,182.3,3.57
2026-07-06 14:16:09,11.96,6.86,149.9,184.5,3.51
2026-07-06 14:16:10,12.01,7.18,149.0,178.6,3.5
2026-07-06 14:16:11,11.75,7.05,151.3,176.2,3.46
2026-07-06 14:16:12,11.85,6.75,152.6,184.7,3.42
2026-07-06 14:16:13,12.15,6.91,148.5,185.4,3.49
2026-07-06 14:16:14,12.0,6.79,149.2,187.3,3.56
2026-07-06 14:16:15,12.09,7.12,150.5,182.8,3.51
2026-07-06 14:16:16,11.88,7.16,151.5,177.5,3.52
2026-07-06 14:16:17,12.06,6.97,150.6,186.2,3.44
2026-07-06 14:16:18,11.76,7.01,149.4,178.5,3.44
2026-07-06 14:16:19,12.12,6.9,152.3,188.1,3.46
2026-07-06 14:16:20,11.73,6.92,150.8,179.2,3.49
2026-07-06 14:16:21,12.16,6.95,152.3,188.1,3.56
2026-07-06 14:16:22,11.95,6.97,149.4,180.5,3.48
2026-07-06 14:16:23,11.89,6.97,149.0,181.5,3.5
2026-07-06 14:16:24,11.98,6.87,149.7,181.7,3.45
2026-07-06 14:16:25,11.86,7.0,148.4,179.9,3.54
2026-07-06 14:16:26,12.0,7.12,147.3,176.7,3.59
2026-07-06 14:16:27,11.7,7.03,151.2,175.1,3.5
2026-07-06 14:16:28,11.91,6.94,149.3,180.3,3.51
2026-07-06 14:16:29,11.96,7.19,151.6,179.7,3.43
2026-07-06 14:16:30,11.83,7.07,149.5,177.8,3.52
2026-07-06 14:16:31,12.01,6.83,149.9,187.5,3.51
2026-07-06 14:16:32,11.98,6.99,148.6,181.2,3.43
2026-07-06 14:16:33,11.91,7.08,149.5,178.5,3.5
2026-07-06 14:16:34,11.96,7.16,149.0,177.6,3.43
2026-07-06 14:16:35,11.98,7.05,148.8,178.9,3.53
2026-07-06 14:16:36,12.17,7.0,150.3,188.4,3.57
2026-07-06 14:16:37,12.23,7.11,149.9,185.0,3.46
2026-07-06 14:16:38,11.86,6.95,147.8,181.5,3.56
2026-07-06 14:16:39,11.89,6.96,150.2,180.9,3.56
2026-07-06 14:16:40,12.24,7.13,148.6,186.2,3.51
2026-07-06 14:16:41,12.18,6.84,149.1,188.5,3.42
2026-07-06 14:16:42,12.0,6.98,148.9,181.8,3.49
2026-07-06 14:16:43,12.06,6.88,151.2,184.5,3.53
2026-07-06 14:16:44,12.06,6.87,148.5,186.1,3.52
2026-07-06 14:16:45,12.26,7.08,150.2,185.6,3.56
2026-07-06 14:16:46,12.25,6.84,150.9,191.1,3.42
2026-07-06 14:16:47,12.02,6.89,149.8,182.3,3.56
2026-07-06 14:16:48,11.88,6.96,151.0,181.3,3.49
2026-07-06 14:16:49,12.17,6.97,150.7,186.9,3.53
2026-07-06 14:16:50,11.87,6.91,150.5,183.9,3.41
2026-07-06 14:16:51,11.7,7.11,149.4,175.6,3.52
2026-07-06 14:16:52,11.83,6.9,150.2,181.3,3.49
2026-07-06 14:16:53,11.87,7.13,151.7,177.7,3.5
2026-07-06 14:16:54,12.33,7.12,151.7,185.7,3.48
2026-07-06 14:16:55,11.92,7.03,148.4,181.0,3.52
2026-07-06 14:16:56,11.92,6.99,150.6,184.6,3.47
2026-07-06 14:16:57,11.93,7.01,149.1,180.4,3.56
2026-07-06 14:16:58,12.03,7.1,148.7,181.5,3.59
2026-07-06 14:16:59,11.91,7.03,150.6,180.7,3.48
2026-07-06 14:17:00,12.28,7.04,150.5,185.4,3.45
2026-07-06 14:17:01,12.24,6.9,150.9,189.0,3.59
2026-07-06 14:17:02,12.03,7.03,148.7,182.3,3.55
2026-07-06 14:17:03,11.88,7.16,149.2,179.1,3.54
2026-07-06 14:17:04,12.01,7.1,149.8,179.1,3.53
2026-07-06 14:17:05,11.83,6.93,149.1,181.0,3.52
2026-07-06 14:17:06,11.95,6.86,151.1,183.6,3.49
2026-07-06 14:17:07,12.16,7.14,148.9,180.5,3.49
2026-07-06 14:17:08,11.87,7.09,148.6,178.0,3.51
2026-07-06 14:17:09,12.01,6.88,149.7,184.3,3.41
2026-07-06 14:17:10,11.86,7.01,151.4,180.8,3.51
2026-07-06 14:17:11,11.93,7.07,150.1,180.2,3.56
2026-07-06 14:17:12,12.04,7.09,150.3,181.6,3.48
2026-07-06 14:17:13,11.92,6.91,148.6,181.4,3.46
2026-07-06 14:17:14,11.61,6.92,149.9,178.6,3.5
2026-07-06 14:17:15,12.05,7.04,149.6,181.6,3.51
2026-07-06 14:17:16,11.94,6.99,148.0,179.7,3.51
2026-07-06 14:17:17,11.77,6.88,149.8,181.7,3.52
2026-07-06 14:17:18,12.12,6.99,152.3,183.6,3.52
2026-07-06 14:17:19,11.98,7.01,150.8,184.5,3.57
2026-07-06 14:17:20,11.71,7.03,149.8,176.7,3.55
2026-07-06 14:17:21,12.1,6.97,149.2,187.7,3.49
2026-07-06 14:17:22,11.95,6.86,151.7,185.3,3.49
2026-07-06 14:17:23,12.34,7.05,151.9,188.7,3.51
2026-07-06 14:17:24,12.11,6.85,149.4,185.1,3.47
2026-07-06 14:17:25,11.86,6.97,150.2,180.8,3.42
2026-07-06 14:17:26,12.3,6.95,150.8,190.6,3.47
2026-07-06 14:17:27,12.17,7.06,151.4,184.4,3.52
2026-07-06 14:17:28,11.81,6.85,149.0,180.2,3.44
2026-07-06 14:17:29,12.04,7.05,150.8,183.8,3.46
2026-07-06 14:17:30,12.02,7.03,150.5,184.7,3.43
2026-07-06 14:17:31,12.18,6.94,150.6,188.6,3.55
2026-07-06 14:17:32,11.95,6.96,149.2,181.1,3.48
2026-07-06 14:17:33,12.16,7.1,150.1,184.3,3.55
2026-07-06 14:17:34,12.13,6.9,152.0,186.9,3.53
2026-07-06 14:17:35,12.34,7.11,148.7,183.0,3.49
2026-07-06 14:17:36,11.89,6.93,148.7,183.1,3.45
2026-07-06 14:17:37,11.99,7.15,149.9,181.5,3.5
2026-07-06 14:17:38,12.01,7.18,151.1,180.6,3.52
2026-07-06 14:17:39,11.87,7.09,148.8,177.6,3.56
2026-07-06 14:17:40,12.09,7.11,152.5,182.2,3.5
2026-07-06 14:17:41,12.13,7.15,148.4,181.0,3.51
2026-07-06 14:17:42,12.19,6.85,148.1,188.3,3.62
2026-07-06 14:17:43,11.71,7.12,148.4,174.9,3.46
2026-07-06 14:17:44,11.94,7.06,150.6,183.5,3.42
2026-07-06 14:17:45,11.92,7.15,147.5,177.7,3.47
2026-07-06 14:17:46,11.89,7.17,150.3,178.2,3.55
2026-07-06 14:17:47,12.08,6.88,150.2,184.7,3.58
2026-07-06 14:17:48,11.9,7.0,148.4,180.1,3.6
2026-07-06 14:17:49,11.95,7.03,150.9,182.8,3.55
2026-07-06 14:17:50,11.63,7.02,149.6,178.1,3.52
2026-07-06 14:17:51,11.9,6.95,148.9,180.6,3.47
2026-07-06 14:17:52,12.07,7.03,149.3,183.5,3.45
2026-07-06 14:17:53,11.61,6.96,151.7,176.2,3.5
2026-07-06 14:17:54,12.08,6.91,149.9,184.3,3.48
2026-07-06 14:17:55,11.91,6.98,150.6,179.3,3.53
2026-07-06 14:17:56,11.67,7.01,151.3,180.3,3.47
2026-07-06 14:17:57,11.95,7.0,148.2,182.3,3.5
2026-07-06 14:17:58,11.78,6.92,150.2,179.7,3.45
2026-07-06 14:17:59,12.2,6.99,152.6,189.0,3.51
2026-07-06 14:18:00,11.84,6.97,151.3,181.0,3.47
2026-07-06 14:18:01,11.99,6.88,150.9,183.0,3.43
2026-07-06 14:18:02,11.84,7.1,149.9,179.1,3.58
2026-07-06 14:18:03,12.11,7.08,149.4,180.8,3.5
2026-07-06 14:18:04,12.08,7.13,150.3,182.6,3.43
2026-07-06 14:18:05,12.15,6.96,149.9,185.8,3.57
2026-07-06 14:18:06,12.14,6.96,148.0,186.7,3.45
2026-07-06 14:18:07,11.91,7.02,152.2,183.1,3.55
2026-07-06 14:18:08,11.88,6.98,150.7,182.7,3.41
2026-07-06 14:18:09,12.11,7.07,151.5,181.7,3.54
2026-07-06 14:18:10,11.84,6.9,147.9,180.3,3.63
2026-07-06 14:18:11,12.25,7.12,149.9,185.2,3.47
2026-07-06 14:18:12,12.13,7.07,149.2,181.3,3.52
2026-07-06 14:18:13,11.89,7.18,151.3,180.4,3.53
2026-07-06 14:18:14,11.99,7.06,150.6,183.5,3.46
2026-07-06 14:18:15,12.35,6.84,149.1,188.4,3.47
2026-07-06 14:18:16,12.15,6.98,150.0,187.3,3.5
2026-07-06 14:18:17,11.99,6.81,150.7,184.5,3.4
2026-07-06 14:18:18,12.07,7.13,150.3,179.4,3.54
2026-07-06 14:18:19,11.87,7.0,149.1,181.4,3.47
2026-07-06 14:18:20,11.9,7.08,151.8,178.8,3.49
2026-07-06 14:18:21,12.17,6.98,151.1,184.2,3.49
2026-07-06 14:18:22,11.84,7.09,148.7,176.8,3.48
2026-07-06 14:18:23,11.94,6.97,148.4,183.3,3.53
2026-07-06 14:18:24,11.92,6.8,149.0,183.8,3.42
2026-07-06 14:18:25,11.96,7.05,147.5,181.7,3.61
2026-07-06 14:18:26,11.96,6.98,149.7,180.5,3.6
2026-07-06 14:18:27,11.86,7.11,148.6,177.1,3.43
2026-07-06 14:18:28,11.97,6.95,151.3,183.8,3.42
2026-07-06 14:18:29,12.05,7.18,148.9,180.0,3.63
2026-07-06 14:18:30,12.07,7.03,151.0,186.0,3.55
2026-07-06 14:18:31,12.18,6.84,149.7,187.5,3.58
2026-07-06 14:18:32,12.15,6.97,149.2,182.9,3.51
2026-07-06 14:18:33,12.22,7.04,149.8,183.8,3.49
2026-07-06 14:18:34,11.71,6.98,150.8,178.8,3.49
2026-07-06 14:18:35,11.47,6.93,150.7,175.9,3.45
2026-07-06 14:18:36,12.09,7.17,150.2,184.2,3.49
2026-07-06 14:18:37,12.01,6.84,152.5,185.0,3.47
2026-07-06 14:18:38,11.73,6.88,147.1,176.0,3.4
2026-07-06 14:18:39,12.15,6.9,149.7,186.9,3.46
2026-07-06 14:18:40,11.88,7.16,150.7,175.2,3.5
2026-07-06 14:18:41,12.0,7.04,148.4,181.6,3.6
2026-07-06 14:18:42,12.12,7.25,150.6,182.7,3.52
2026-07-06 14:18:43,11.93,7.12,149.9,177.8,3.43
2026-07-06 14:18:44,11.99,6.86,149.7,183.5,3.48
2026-07-06 14:18:45,12.05,6.95,150.6,183.0,3.58
2026-07-06 14:18:46,12.06,6.97,149.0,181.7,3.48
2026-07-06 14:18:47,12.31,7.13,152.0,185.7,3.57
2026-07-06 14:18:48,12.0,7.0,150.4,182.3,3.5
2026-07-06 14:18:49,12.0,7.03,150.8,184.9,3.52
2026-07-06 14:18:50,12.01,7.08,150.8,180.9,3.48
2026-07-06 14:18:51,12.13,6.94,152.2,185.3,3.57
2026-07-06 14:18:52,11.87,6.9,150.2,182.0,3.49
2026-07-06 14:18:53,12.06,6.95,150.7,185.2,3.54
2026-07-06 14:18:54,12.06,7.03,150.6,184.6,3.49
2026-07-06 14:18:55,12.05,6.87,149.8,184.1,3.51
2026-07-06 14:18:56,11.82,7.11,150.3,178.4,3.56
2026-07-06 14:18:57,11.94,6.99,152.2,182.7,3.46
2026-07-06 14:18:58,12.0,6.98,150.0,181.8,3.43
2026-07-06 14:18:59,12.0,7.05,149.9,179.4,3.52
2026-07-06 14:19:00,12.17,7.05,150.1,183.5,3.48
2026-07-06 14:19:01,12.1,6.85,149.8,187.6,3.56
2026-07-06 14:19:02,12.01,7.01,148.9,181.5,3.38
2026-07-06 14:19:03,12.13,7.1,150.7,181.9,3.45
2026-07-06 14:19:04,12.11,6.93,150.5,184.6,3.5
2026-07-06 14:19:05,12.13,6.88,150.1,187.8,3.48
2026-07-06 14:19:06,12.06,6.84,152.9,189.3,3.44
2026-07-06 14:19:07,11.97,7.09,149.6,181.1,3.48
2026-07-06 14:19:08,12.18,6.94,150.2,185.4,3.48
2026-07-06 14:19:09,11.95,7.0,150.3,178.6,3.57
2026-07-06 14:19:10,12.03,7.0,150.1,185.2,3.54
2026-07-06 14:19:11,11.99,7.02,149.6,181.1,3.56
2026-07-06 14:19:12,12.1,6.94,148.5,182.1,3.46
2026-07-06 14:19:13,12.01,7.04,151.1,183.3,3.52
2026-07-06 14:19:14,11.99,7.01,150.5,182.1,3.53
2026-07-06 14:19:15,12.1,6.85,150.9,189.0,3.56
2026-07-06 14:19:16,11.89,6.98,149.4,183.0,3.54
2026-07-06 14:19:17,11.85,6.88,150.6,178.0,3.48
2026-07-06 14:19:18,12.0,6.86,151.1,185.0,3.54
2026-07-06 14:19:19,11.94,7.02,149.8,181.9,3.42
2026-07-06 14:19:20,11.92,7.09,147.7,179.2,3.4
2026-07-06 14:19:21,11.96,7.03,150.1,179.2,3.52
2026-07-06 14:19:22,12.0,7.01,151.5,186.2,3.49
2026-07-06 14:19:23,12.05,6.86,149.4,188.1,3.43
2026-07-06 14:19:24,11.85,6.96,150.4,180.6,3.54
2026-07-06 14:19:25,11.92,7.01,153.1,182.4,3.58
2026-07-06 14:19:26,12.0,6.88,148.5,182.3,3.48
2026-07-06 14:19:27,11.83,7.0,149.5,182.6,3.41
2026-07-06 14:19:28,11.91,6.98,149.3,181.3,3.5
2026-07-06 14:19:29,12.3,6.9,150.7,189.1,3.52
2026-07-06 14:19:30,11.91,7.04,151.3,178.9,3.4
2026-07-06 14:19:31,11.77,7.06,151.0,181.4,3.61
2026-07-06 14:19:32,11.78,6.85,149.5,180.0,3.46
2026-07-06 14:19:33,11.87,7.15,149.3,177.6,3.44
2026-07-06 14:19:34,12.18,6.94,150.8,185.9,3.64
2026-07-06 14:19:35,12.08,7.04,153.2,186.7,3.48
2026-07-06 14:19:36,11.98,6.95,151.7,184.3,3.45
2026-07-06 14:19:37,11.98,7.01,150.4,184.8,3.44
2026-07-06 14:19:38,12.17,6.83,149.6,189.6,3.58
2026-07-06 14:19:39,11.89,6.87,148.7,182.7,3.42
2026-07-06 14:19:40,12.29,6.85,150.0,189.1,3.42
2026-07-06 14:19:41,11.96,6.89,148.6,185.6,3.41
2026-07-06 14:19:42,12.13,7.04,149.0,184.0,3.55
2026-07-06 14:19:43,11.99,7.0,151.3,180.3,3.5
2026-07-06 14:19:44,12.02,6.91,148.9,182.9,3.45
2026-07-06 14:19:45,11.89,6.95,150.0,181.4,3.47
2026-07-06 14:19:46,11.8,7.18,149.9,176.3,3.45
2026-07-06 14:19:47,12.02,7.01,148.5,182.9,3.5
2026-07-06 14:19:48,11.84,6.95,148.4,181.7,3.49
2026-07-06 14:19:49,12.13,7.08,149.8,183.1,3.46
2026-07-06 14:19:50,11.92,7.14,150.0,179.4,3.52
2026-07-06 14:19:51,12.0,7.05,148.9,179.3,3.55
2026-07-06 14:19:52,12.02,7.04,150.9,180.1,3.54
2026-07-06 14:19:53,12.25,6.92,147.7,187.2,3.46
2026-07-06 14:19:54,12.11,6.93,148.8,185.2,3.44
2026-07-06 14:19:55,11.91,7.0,149.2,184.3,3.44
2026-07-06 14:19:56,12.09,6.95,151.2,185.6,3.5
2026-07-06 14:19:57,12.07,7.0,151.6,185.5,3.54
2026-07-06 14:19:58,12.01,7.01,148.2,181.4,3.49
2026-07-06 14:19:59,11.95,7.02,149.8,181.7,3.56
2026-07-06 14:20:00,11.87,7.0,149.2,179.4,3.47
2026-07-06 14:20:01,11.92,7.11,151.4,180.7,3.55
2026-07-06 14:20:02,12.08,7.06,151.0,186.4,3.46
2026-07-06 14:20:03,11.86,6.99,149.0,179.8,3.47
2026-07-06 14:20:04,11.67,6.99,148.0,177.4,3.48
2026-07-06 14:20:05,11.94,6.9,147.6,181.2,3.48
2026-07-06 14:20:06,11.63,7.04,149.5,174.8,3.46
2026-07-06 14:20:07,12.29,7.12,149.6,182.4,3.42
2026-07-06 14:20:08,11.88,6.97,151.2,180.1,3.51
2026-07-06 14:20:09,11.74,6.96,149.6,176.9,3.58
2026-07-06 14:20:10,12.16,7.06,152.3,184.5,3.57
2026-07-06 14:20:11,11.72,7.08,149.9,176.8,3.42
2026-07-06 14:20:12,12.0,7.19,150.1,182.0,3.56
2026-07-06 14:20:13,12.13,7.09,151.1,184.1,3.53
2026-07-06 14:20:14,11.91,7.0,148.9,180.0,3.45
2026-07-06 14:20:15,12.36,6.92,149.6,188.9,3.61
2026-07-06 14:20:16,11.89,7.11,149.8,178.3,3.51
2026-07-06 14:20:17,11.98,7.08,150.8,181.1,3.56
2026-07-06 14:20:18,11.89,7.03,150.6,182.1,3.52
2026-07-06 14:20:19,12.09,6.88,150.2,187.0,3.49
2026-07-06 14:20:20,11.99,7.05,150.4,183.3,3.41
2026-07-06 14:20:21,11.93,6.91,152.0,186.0,3.51
2026-07-06 14:20:22,12.14,7.14,151.9,180.8,3.51
2026-07-06 14:20:23,12.03,7.06,150.1,183.5,3.43
2026-07-06 14:20:24,11.92,7.14,149.9,178.9,3.53
2026-07-06 14:20:25,12.16,6.91,152.5,187.2,3.47
2026-07-06 14:20:26,11.57,7.1,149.0,173.4,3.44
2026-07-06 14:20:27,12.07,7.16,149.0,182.3,3.51
2026-07-06 14:20:28,12.09,6.92,148.9,183.8,3.55
2026-07-06 14:20:29,12.38,6.92,150.5,190.9,3.45
2026-07-06 14:20:30,12.26,6.86,150.3,189.0,3.53
2026-07-06 14:20:31,12.16,7.02,149.5,182.0,3.48
2026-07-06 14:20:32,12.18,6.88,149.1,187.2,3.47
2026-07-06 14:20:33,11.97,7.07,150.5,184.7,3.49
2026-07-06 14:20:34,12.19,7.01,149.8,185.7,3.51
2026-07-06 14:20:35,11.95,7.15,149.3,177.4,3.49
2026-07-06 14:20:36,11.89,6.93,151.4,178.7,3.53
2026-07-06 14:20:37,11.94,6.96,150.4,183.5,3.51
2026-07-06 14:20:38,12.22,6.81,147.8,187.4,3.54
2026-07-06 14:20:39,11.91,6.85,150.2,186.3,3.6
2026-07-06 14:20:40,12.45,6.98,150.0,190.6,3.59
2026-07-06 14:20:41,12.03,6.82,149.8,186.7,3.53
2026-07-06 14:20:42,11.98,7.02,148.9,180.9,3.56
2026-07-06 14:20:43,12.2,7.05,148.2,186.6,3.48
2026-07-06 14:20:44,11.99,7.11,150.5,180.4,3.54
2026-07-06 14:20:45,11.91,6.93,149.8,183.0,3.47
2026-07-06 14:20:46,11.79,7.2,150.8,175.8,3.47
2026-07-06 14:20:47,11.83,7.06,149.0,177.2,3.48
2026-07-06 14:20:48,11.89,7.16,150.5,176.7,3.67
2026-07-06 14:20:49,12.01,6.81,150.6,187.8,3.41
2026-07-06 14:20:50,11.93,6.9,149.6,182.2,3.51
2026-07-06 14:20:51,11.96,6.97,149.9,180.3,3.49
2026-07-06 14:20:52,11.97,7.15,150.1,182.0,3.54
2026-07-06 14:20:53,11.84,6.88,148.5,182.0,3.44
2026-07-06 14:20:54,11.68,7.05,151.3,178.8,3.55
2026-07-06 14:20:55,11.84,7.2,148.8,175.7,3.48
2026-07-06 14:20:56,11.89,7.08,147.1,176.7,3.48
2026-07-06 14:20:57,12.09,6.95,151.3,188.6,3.6
2026-07-06 14:20:58,12.09,6.91,149.3,186.1,3.45
2026-07-06 14:20:59,11.76,6.93,150.8,181.4,3.53
2026-07-06 14:21:00,11.79,7.16,147.6,177.0,3.46
2026-07-06 14:21:01,12.12,7.12,151.1,183.1,3.58
2026-07-06 14:21:02,11.83,7.06,150.4,178.4,3.57
2026-07-06 14:21:03,12.12,7.11,152.3,183.9,3.53
2026-07-06 14:21:04,12.1,6.99,149.8,185.2,3.44
2026-07-06 14:21:05,11.79,6.87,148.2,178.7,3.47
2026-07-06 14:21:06,11.84,6.96,148.3,178.6,3.49
2026-07-06 14:21:07,11.92,6.93,150.1,182.3,3.53
2026-07-06 14:21:08,11.87,6.9,149.2,183.3,3.52
2026-07-06 14:21:09,11.86,6.94,149.5,179.5,3.48
2026-07-06 14:21:10,12.06,7.01,150.4,182.5,3.48
2026-07-06 14:21:11,12.12,7.01,149.7,183.9,3.5
2026-07-06 14:21:12,12.08,7.08,152.1,185.3,3.48
2026-07-06 14:21:13,11.98,7.16,152.1,179.3,3.49
2026-07-06 14:21:14,12.12,6.95,148.3,186.0,3.58
2026-07-06 14:21:15,12.07,7.04,152.8,187.1,3.5
2026-07-06 14:21:16,11.92,7.11,150.1,178.9,3.48
2026-07-06 14:21:17,12.18,6.85,151.7,189.1,3.52
2026-07-06 14:21:18,12.25,7.11,149.7,183.5,3.53
2026-07-06 14:21:19,12.03,6.92,152.2,186.7,3.54
2026-07-06 14:21:20,12.02,6.99,151.5,184.3,3.42
2026-07-06 14:21:21,12.18,7.0,151.2,187.3,3.46
2026-07-06 14:21:22,11.9,6.94,150.4,182.7,3.55
2026-07-06 14:21:23,11.97,6.83,149.4,187.2,3.44
2026-07-06 14:21:24,11.85,6.96,152.8,180.7,3.39
2026-07-06 14:21:25,11.99,6.94,149.2,182.2,3.4
2026-07-06 14:21:26,11.79,6.95,150.4,181.6,3.47
2026-07-06 14:21:27,12.11,7.13,150.5,181.9,3.48
2026-07-06 14:21:28,12.1,6.84,150.0,186.2,3.49
2026-07-06 14:21:29,12.08,6.96,151.0,185.5,3.45
2026-07-06 14:21:30,11.82,7.15,149.2,175.7,3.53
2026-07-06 14:21:31,12.38,6.97,147.9,186.7,3.44
2026-07-06 14:21:32,12.22,7.1,149.1,181.4,3.57
2026-07-06 14:21:33,12.03,7.13,149.9,181.0,3.48
2026-07-06 14:21:34,12.16,6.86,150.8,191.0,3.5
2026-07-06 14:21:35,12.05,7.1,150.0,182.8,3.52
2026-07-06 14:21:36,12.36,7.02,149.5,190.2,3.52
2026-07-06 14:21:37,11.95,7.09,146.9,180.9,3.52
2026-07-06 14:21:38,12.14,6.92,150.4,183.7,3.5
2026-07-06 14:21:39,12.1,7.03,150.8,183.9,3.45
2026-07-06 14:21:40,12.07,6.9,149.9,183.9,3.48
2026-07-06 14:21:41,12.37,6.82,148.7,191.1,3.43
2026-07-06 14:21:42,11.98,6.98,148.5,181.2,3.48
2026-07-06 14:21:43,11.98,6.97,148.6,180.9,3.48
2026-07-06 14:21:44,11.97,6.88,147.8,181.5,3.48
2026-07-06 14:21:45,11.83,7.11,150.6,180.6,3.54
2026-07-06 14:21:46,11.98,7.11,151.3,182.5,3.52
2026-07-06 14:21:47,11.94,7.15,148.7,179.8,3.44
2026-07-06 14:21:48,11.97,7.22,149.8,177.6,3.44
2026-07-06 14:21:49,12.0,7.14,152.3,180.3,3.53
2026-07-06 14:21:50,12.13,6.86,152.3,186.8,3.46
2026-07-06 14:21:51,12.14,7.15,150.3,183.3,3.52
2026-07-06 14:21:52,11.81,7.07,152.0,178.3,3.49
2026-07-06 14:21:53,12.01,6.93,148.9,181.0,3.51
2026-07-06 14:21:54,12.2,7.02,149.3,183.9,3.56
2026-07-06 14:21:55,12.06,7.01,149.0,182.6,3.45
2026-07-06 14:21:56,12.15,7.21,150.8,182.8,3.5
2026-07-06 14:21:57,12.03,6.91,148.3,185.7,3.42
2026-07-06 14:21:58,11.93,6.92,149.5,182.5,3.56
2026-07-06 14:21:59,11.98,7.09,150.1,180.3,3.46
2026-07-06 14:22:00,12.14,6.9,149.3,184.9,3.54
2026-07-06 14:22:01,11.8,6.89,149.7,182.9,3.43
2026-07-06 14:22:02,11.81,7.17,148.4,178.1,3.53
2026-07-06 14:22:03,11.9,7.03,150.4,180.5,3.45
2026-07-06 14:22:04,11.9,7.1,147.9,177.7,3.54
2026-07-06 14:22:05,12.11,6.95,150.5,184.6,3.55
2026-07-06 14:22:06,11.71,7.2,148.7,172.5,3.52
2026-07-06 14:22:07,11.84,7.04,150.9,178.4,3.59
2026-07-06 14:22:08,12.13,6.97,150.1,182.7,3.39
2026-07-06 14:22:09,12.19,7.11,150.4,186.4,3.54
2026-07-06 14:22:10,12.17,6.98,149.4,185.5,3.51
2026-07-06 14:22:11,12.26,6.75,149.3,192.0,3.41
2026-07-06 14:22:12,12.16,6.97,150.3,183.7,3.53
2026-07-06 14:22:13,11.85,7.05,150.6,179.9,3.49
2026-07-06 14:22:14,11.96,6.97,150.6,183.2,3.61
2026-07-06 14:22:15,11.72,6.93,149.6,178.3,3.43
2026-07-06 14:22:16,12.01,6.89,149.8,186.5,3.58
2026-07-06 14:22:17,11.78,6.86,150.7,181.7,3.56
2026-07-06 14:22:18,11.84,6.99,150.7,180.2,3.43
2026-07-06 14:22:19,11.95,6.9,149.8,183.2,3.61
2026-07-06 14:22:20,12.1,7.07,151.1,184.4,3.62
2026-07-06 14:22:21,11.93,7.09,149.0,183.0,3.54
2026-07-06 14:22:22,12.25,7.09,151.6,186.1,3.54
2026-07-06 14:22:23,12.04,6.92,148.6,180.0,3.52
2026-07-06 14:22:24,12.06,7.17,147.3,176.8,3.45
2026-07-06 14:22:25,12.01,7.04,148.5,182.5,3.37
2026-07-06 14:22:26,12.18,6.81,147.8,185.7,3.49
2026-07-06 14:22:27,12.25,6.95,152.8,187.2,3.47
2026-07-06 14:22:28,12.02,7.16,150.1,180.1,3.47
2026-07-06 14:22:29,11.82,6.86,150.0,182.3,3.59
2026-07-06 14:22:30,11.97,6.89,148.9,185.0,3.47
2026-07-06 14:22:31,11.77,6.98,149.6,178.2,3.61
2026-07-06 14:22:32,11.98,6.95,150.4,184.3,3.54
2026-07-06 14:22:33,12.11,6.83,151.8,189.2,3.49
2026-07-06 14:22:34,12.03,7.02,153.4,186.4,3.54
2026-07-06 14:22:35,12.21,6.81,151.0,187.6,3.53
2026-07-06 14:22:36,12.12,7.04,148.4,183.8,3.55
2026-07-06 14:22:37,11.98,7.04,149.6,177.1,3.48
2026-07-06 14:22:38,12.02,6.98,148.0,182.8,3.46
2026-07-06 14:22:39,12.03,6.95,150.9,184.1,3.5
2026-07-06 14:22:40,11.98,7.0,148.9,179.0,3.48
2026-07-06 14:22:41,12.11,6.86,151.4,187.7,3.5
2026-07-06 14:22:42,12.06,6.92,150.7,186.2,3.49
2026-07-06 14:22:43,12.06,6.86,149.9,183.9,3.4
2026-07-06 14:22:44,11.95,6.92,150.5,185.2,3.47
2026-07-06 14:22:45,11.7,6.99,149.4,177.0,3.44
2026-07-06 14:22:46,11.85,6.95,149.7,183.0,3.48
2026-07-06 14:22:47,12.0,7.0,149.2,179.9,3.49
2026-07-06 14:22:48,12.24,7.02,150.3,185.3,3.49
2026-07-06 14:22:49,11.91,6.76,151.6,182.6,3.45
2026-07-06 14:22:50,12.21,6.99,151.2,184.9,3.49
2026-07-06 14:22:51,11.72,7.0,149.9,179.0,3.56
2026-07-06 14:22:52,12.15,7.01,149.2,186.4,3.5
2026-07-06 14:22:53,11.94,7.08,150.2,182.5,3.55
2026-07-06 14:22:54,11.98,7.03,149.1,182.4,3.44
2026-07-06 14:22:55,11.87,7.05,151.8,180.7,3.49
2026-07-06 14:22:56,12.04,7.04,150.2,182.5,3.5
2026-07-06 14:22:57,11.92,7.09,149.7,183.2,3.46
2026-07-06 14:22:58,11.99,7.07,148.4,178.2,3.48
2026-07-06 14:22:59,11.96,7.13,151.1,179.4,3.4
2026-07-06 14:23:00,12.0,7.09,148.1,178.7,3.54
2026-07-06 14:23:01,11.84,7.03,149.1,178.7,3.5
2026-07-06 14:23:02,12.01,7.04,149.4,182.4,3.46
2026-07-06 14:23:03,12.06,7.1,146.7,176.5,3.53
2026-07-06 14:23:04,11.95,7.19,148.8,177.7,3.53
2026-07-06 14:23:05,12.14,6.92,150.7,186.7,3.54
2026-07-06 14:23:06,11.94,7.21,152.4,181.0,3.51
2026-07-06 14:23:07,12.05,7.0,151.0,183.7,3.56
2026-07-06 14:23:08,12.17,7.05,151.9,187.7,3.52
2026-07-06 14:23:09,11.87,6.94,149.9,183.0,3.5
2026-07-06 14:23:10,11.96,7.07,150.2,178.9,3.51
2026-07-06 14:23:11,11.87,6.89,147.1,181.8,3.45
2026-07-06 14:23:12,12.03,6.83,149.1,183.1,3.47
2026-07-06 14:23:13,11.82,7.07,152.8,179.5,3.53
2026-07-06 14:23:14,11.8,7.09,149.0,176.1,3.49
2026-07-06 14:23:15,12.04,6.95,149.5,185.4,3.41
2026-07-06 14:23:16,12.22,7.09,149.7,184.3,3.51
2026-07-06 14:23:17,12.21,6.98,151.5,188.8,3.51
2026-07-06 14:23:18,11.85,7.07,150.0,179.6,3.48
2026-07-06 14:23:19,11.98,7.15,148.7,178.1,3.41
2026-07-06 14:23:20,12.13,7.07,149.3,183.9,3.57
2026-07-06 14:23:21,11.86,6.81,147.8,183.1,3.48
2026-07-06 14:23:22,11.83,7.09,150.0,181.7,3.49
2026-07-06 14:23:23,12.24,7.15,150.8,186.6,3.45
2026-07-06 14:23:24,11.85,7.06,148.7,179.7,3.45
2026-07-06 14:23:25,11.94,7.03,148.9,178.0,3.5
2026-07-06 14:23:26,12.26,7.04,150.0,185.9,3.5
2026-07-06 14:23:27,12.22,6.81,150.1,188.6,3.51
2026-07-06 14:23:28,11.73,7.01,148.6,178.7,3.56
2026-07-06 14:23:29,11.73,7.14,151.0,176.8,3.43
2026-07-06 14:23:30,11.99,7.12,148.7,177.2,3.51
2026-07-06 14:23:31,11.69,7.05,150.9,175.6,3.51
2026-07-06 14:23:32,12.12,7.22,149.0,178.4,3.53
2026-07-06 14:23:33,12.25,7.04,149.7,186.9,3.48
2026-07-06 14:23:34,11.99,6.9,149.3,186.0,3.45
2026-07-06 14:23:35,12.13,7.05,149.4,184.9,3.56
2026-07-06 14:23:36,12.31,7.08,148.1,184.7,3.5
2026-07-06 14:23:37,11.93,7.13,150.8,177.4,3.54
2026-07-06 14:23:38,11.96,6.85,151.2,185.7,3.54
2026-07-06 14:23:39,11.86,7.1,150.6,177.0,3.51
2026-07-06 14:23:40,11.88,6.96,151.3,181.1,3.56
2026-07-06 14:23:41,11.99,7.01,150.4,184.4,3.51
2026-07-06 14:23:42,11.89,7.12,150.0,177.1,3.44
2026-07-06 14:23:43,12.04,7.1,151.7,182.0,3.48
2026-07-06 14:23:44,12.01,7.02,150.1,178.9,3.47
2026-07-06 14:23:45,12.06,7.04,149.8,183.7,3.52
2026-07-06 14:23:46,12.21,7.09,150.0,184.4,3.43
2026-07-06 14:23:47,11.92,6.97,147.8,180.4,3.53
2026-07-06 14:23:48,11.92,7.1,150.6,180.0,3.62
2026-07-06 14:23:49,12.25,7.02,149.8,185.1,3.6
2026-07-06 14:23:50,11.96,7.07,148.7,182.1,3.5
2026-07-06 14:23:51,12.08,6.66,150.8,189.9,3.45
2026-07-06 14:23:52,11.94,7.12,151.6,180.0,3.55
2026-07-06 14:23:53,12.07,6.99,149.4,184.0,3.49
2026-07-06 14:23:54,11.96,6.95,150.9,182.9,3.46
2026-07-06 14:23:55,12.01,6.77,151.9,188.9,3.5
2026-07-06 14:23:56,11.96,7.11,147.6,176.4,3.49
2026-07-06 14:23:57,11.99,6.99,151.1,183.4,3.57
2026-07-06 14:23:58,11.78,6.94,148.8,181.9,3.47
2026-07-06 14:23:59,11.99,6.86,147.5,184.9,3.46
2026-07-06 14:24:00,11.83,7.02,149.1,177.5,3.52
2026-07-06 14:24:01,11.98,7.06,150.4,182.1,3.51
2026-07-06 14:24:02,12.16,6.93,149.5,182.1,3.59
2026-07-06 14:24:03,12.15,6.76,150.6,188.5,3.58
2026-07-06 14:24:04,11.87,6.97,152.0,182.6,3.5
2026-07-06 14:24:05,11.99,6.98,148.7,181.1,3.55
2026-07-06 14:24:06,12.06,7.05,151.0,182.2,3.53
2026-07-06 14:24:07,12.08,7.01,150.5,182.3,3.48
2026-07-06 14:24:08,11.94,7.03,151.0,182.9,3.46
2026-07-06 14:24:09,11.97,7.01,150.5,183.9,3.41
2026-07-06 14:24:10,12.03,7.06,149.8,181.8,3.58
2026-07-06 14:24:11,12.2,6.96,151.9,189.3,3.62
2026-07-06 14:24:12,11.73,7.1,150.8,176.3,3.49
2026-07-06 14:24:13,12.0,6.87,151.0,184.1,3.47
2026-07-06 14:24:14,11.85,6.97,150.5,180.6,3.5
2026-07-06 14:24:15,11.99,6.91,151.3,183.0,3.49
2026-07-06 14:24:16,11.82,6.83,149.1,182.0,3.53
2026-07-06 14:24:17,12.16,6.98,150.8,184.7,3.51
2026-07-06 14:24:18,12.01,6.94,150.3,184.5,3.5
2026-07-06 14:24:19,12.11,6.85,149.2,184.1,3.54
2026-07-06 14:24:20,11.6,6.83,149.3,176.5,3.48
2026-07-06 14:24:21,11.88,7.07,149.8,179.0,3.56
2026-07-06 14:24:22,11.86,6.97,149.4,177.2,3.46
2026-07-06 14:24:23,12.0,6.91,150.2,184.6,3.49
2026-07-06 14:24:24,11.95,6.94,151.0,182.4,3.54
2026-07-06 14:24:25,11.79,7.14,149.2,174.6,3.58
2026-07-06 14:24:26,12.23,6.99,150.1,185.3,3.44
2026-07-06 14:24:27,11.86,7.02,151.2,180.5,3.57
2026-07-06 14:24:28,12.21,7.11,149.0,185.7,3.42
2026-07-06 14:24:29,12.22,7.02,150.8,186.9,3.56
2026-07-06 14:24:30,11.73,7.04,149.9,179.0,3.6
2026-07-06 14:24:31,11.84,7.02,150.7,181.9,3.59
2026-07-06 14:24:32,11.89,7.02,150.0,177.8,3.39
2026-07-06 14:24:33,11.92,6.93,150.0,183.7,3.54
2026-07-06 14:24:34,11.96,6.98,149.6,182.0,3.57
2026-07-06 14:24:35,11.81,6.85,149.3,181.0,3.5
2026-07-06 14:24:36,11.76,6.98,151.3,181.0,3.51
2026-07-06 14:24:37,12.03,6.93,151.2,186.3,3.55
2026-07-06 14:24:38,11.8,6.88,151.2,181.8,3.43
2026-07-06 14:24:39,12.01,6.97,148.7,182.8,3.5
2026-07-06 14:24:40,12.15,7.1,150.5,186.8,3.5
2026-07-06 14:24:41,11.88,6.91,149.7,179.9,3.49
2026-07-06 14:24:42,11.89,6.86,148.9,180.9,3.47
2026-07-06 14:24:43,12.17,7.02,148.8,183.4,3.44
2026-07-06 14:24:44,11.82,7.01,150.3,180.1,3.52
2026-07-06 14:24:45,11.81,6.94,150.7,178.4,3.51
2026-07-06 14:24:46,12.02,7.07,150.5,181.9,3.56
2026-07-06 14:24:47,12.03,7.1,148.3,181.3,3.44
2026-07-06 14:24:48,12.21,7.03,152.0,187.0,3.56
2026-07-06 14:24:49,11.75,7.07,149.9,174.2,3.45
2026-07-06 14:24:50,11.85,6.78,148.7,183.8,3.51
2026-07-06 14:24:51,11.67,7.15,150.7,175.1,3.46
2026-07-06 14:24:52,11.95,7.02,149.8,182.7,3.42
2026-07-06 14:24:53,12.14,6.81,149.3,188.6,3.48
2026-07-06 14:24:54,11.9,7.01,149.3,180.1,3.42
2026-07-06 14:24:55,12.06,7.09,150.4,181.7,3.44
2026-07-06 14:24:56,12.08,6.98,152.0,183.7,3.52
2026-07-06 14:24:57,11.85,6.91,151.4,182.1,3.47
2026-07-06 14:24:58,11.86,6.87,150.6,182.1,3.42
2026-07-06 14:24:59,11.86,6.91,148.7,181.1,3.59
2026-07-06 14:25:00,11.99,7.18,150.4,178.5,3.52
2026-07-06 14:25:01,11.96,6.94,151.6,187.5,3.51
2026-07-06 14:25:02,11.67,7.0,149.4,176.2,3.47
2026-07-06 14:25:03,11.83,6.93,148.6,179.4,3.5
2026-07-06 14:25:04,11.71,7.17,149.8,174.6,3.56
2026-07-06 14:25:05,12.09,6.9,149.2,185.3,3.5
2026-07-06 14:25:06,12.23,7.16,151.3,184.0,3.54
2026-07-06 14:25:07,11.86,6.86,152.7,185.7,3.5
2026-07-06 14:25:08,11.85,6.95,148.1,176.9,3.58
2026-07-06 14:25:09,12.09,7.05,148.2,183.4,3.49
2026-07-06 14:25:10,12.09,6.89,148.2,185.6,3.52
2026-07-06 14:25:11,11.97,7.09,150.0,179.5,3.48
2026-07-06 14:25:12,11.93,7.17,151.0,178.1,3.57
2026-07-06 14:25:13,11.87,6.97,148.8,179.1,3.39
2026-07-06 14:25:14,12.02,7.01,151.6,184.6,3.44
2026-07-06 14:25:15,12.01,7.05,152.2,183.7,3.37
2026-07-06 14:25:16,11.75,6.88,150.5,179.1,3.43
2026-07-06 14:25:17,12.08,7.03,150.0,181.8,3.59
2026-07-06 14:25:18,11.96,6.93,151.3,184.7,3.42
2026-07-06 14:25:19,12.09,6.93,148.4,180.4,3.46
2026-07-06 14:25:20,12.11,7.05,149.2,183.5,3.48
2026-07-06 14:25:21,11.89,7.06,149.1,178.9,3.49
2026-07-06 14:25:22,11.81,7.01,150.0,180.1,3.54
2026-07-06 14:25:23,12.1,7.1,149.6,181.8,3.54
2026-07-06 14:25:24,11.97,7.07,151.0,180.3,3.54
2026-07-06 14:25:25,12.07,7.02,150.0,184.7,3.54
2026-07-06 14:25:26,12.06,6.93,146.4,183.8,3.53
2026-07-06 14:25:27,11.89,6.95,150.4,181.8,3.49
2026-07-06 14:25:28,11.75,7.0,150.1,179.5,3.47
2026-07-06 14:25:29,12.0,6.94,150.0,185.9,3.61
2026-07-06 14:25:30,12.0,7.07,152.1,187.6,3.43
2026-07-06 14:25:31,12.13,6.91,148.6,182.0,3.54
2026-07-06 14:25:32,12.03,6.92,150.0,182.5,3.46
2026-07-06 14:25:33,11.83,6.98,148.9,180.0,3.53
2026-07-06 14:25:34,12.05,7.12,150.8,179.3,3.5
2026-07-06 14:25:35,12.16,6.87,149.2,186.3,3.48
2026-07-06 14:25:36,11.94,6.96,150.7,183.5,3.51
2026-07-06 14:25:37,11.76,7.21,149.2,174.7,3.57
2026-07-06 14:25:38,12.13,6.93,150.0,188.0,3.44
2026-07-06 14:25:39,11.92,6.97,147.6,179.6,3.35
2026-07-06 14:25:40,11.89,7.03,151.0,180.0,3.5
2026-07-06 14:25:41,12.34,7.09,149.3,184.1,3.55
2026-07-06 14:25:42,12.08,7.04,150.1,183.2,3.48
2026-07-06 14:25:43,11.89,6.89,149.3,183.6,3.43
2026-07-06 14:25:44,12.05,7.13,152.3,182.3,3.48
2026-07-06 14:25:45,12.1,7.07,149.3,180.4,3.47
2026-07-06 14:25:46,11.92,6.97,148.8,184.3,3.53
2026-07-06 14:25:47,12.12,6.89,150.0,185.9,3.41
2026-07-06 14:25:48,11.85,6.96,149.8,181.0,3.52
2026-07-06 14:25:49,12.07,6.85,148.7,185.6,3.4
2026-07-06 14:25:50,11.79,7.09,150.5,174.8,3.45
2026-07-06 14:25:51,12.05,7.05,149.5,180.7,3.49
2026-07-06 14:25:52,11.87,7.01,149.3,179.1,3.48
2026-07-06 14:25:53,12.01,7.09,148.8,180.9,3.51
2026-07-06 14:25:54,12.24,7.03,149.0,184.0,3.42
2026-07-06 14:25:55,11.74,7.04,148.6,178.7,3.51
2026-07-06 14:25:56,11.92,6.94,151.9,182.0,3.55
2026-07-06 14:25:57,12.04,6.99,148.0,182.5,3.54
2026-07-06 14:25:58,12.4,7.02,148.1,187.4,3.4
2026-07-06 14:25:59,12.25,6.85,150.4,188.8,3.55
2026-07-06 14:26:00,12.06,7.01,152.0,184.0,3.57
2026-07-06 14:26:01,12.03,6.85,148.4,183.6,3.48
2026-07-06 14:26:02,11.98,6.96,150.7,181.1,3.49
2026-07-06 14:26:03,11.7,6.86,151.7,184.3,3.5
2026-07-06 14:26:04,11.9,6.91,151.4,180.9,3.52
2026-07-06 14:26:05,12.23,6.98,150.0,186.0,3.51
2026-07-06 14:26:06,11.95,6.88,151.0,182.7,3.48
2026-07-06 14:26:07,11.94,6.77,150.4,185.7,3.46
2026-07-06 14:26:08,12.16,7.1,150.8,182.8,3.48
2026-07-06 14:26:09,11.96,7.16,149.4,179.5,3.42
2026-07-06 14:26:10,11.65,7.02,149.6,175.9,3.52
2026-07-06 14:26:11,11.85,7.16,151.1,180.9,3.54
2026-07-06 14:26:12,11.8,7.11,147.8,177.8,3.49
2026-07-06 14:26:13,11.91,7.22,149.4,175.5,3.42
2026-07-06 14:26:14,12.04,7.16,149.3,179.2,3.44
2026-07-06 14:26:15,12.3,7.14,151.3,183.8,3.44
2026-07-06 14:26:16,12.13,7.09,149.4,180.0,3.58
2026-07-06 14:26:17,12.14,6.92,147.6,184.8,3.46
2026-07-06 14:26:18,11.88,7.02,149.6,181.7,3.56
2026-07-06 14:26:19,12.31,7.06,148.8,186.1,3.53
2026-07-06 14:26:20,12.13,6.87,149.9,187.3,3.49
2026-07-06 14:26:21,11.84,6.83,150.6,184.9,3.6
2026-07-06 14:26:22,12.0,7.05,151.1,184.7,3.5
2026-07-06 14:26:23,11.91,6.9,148.3,180.8,3.47
2026-07-06 14:26:24,12.08,7.2,148.5,177.3,3.55
2026-07-06 14:26:25,12.06,6.85,149.6,185.0,3.56
2026-07-06 14:26:26,12.08,7.16,149.0,181.4,3.51
2026-07-06 14:26:27,12.03,7.21,149.5,177.0,3.49
2026-07-06 14:26:28,12.03,7.11,150.9,182.4,3.51
2026-07-06 14:26:29,12.09,7.15,151.9,181.8,3.56
2026-07-06 14:26:30,12.16,7.06,147.2,187.1,3.54
2026-07-06 14:26:31,12.04,7.04,151.1,180.6,3.51
2026-07-06 14:26:32,11.77,7.2,148.9,175.8,3.51
2026-07-06 14:26:33,11.77,7.1,149.9,177.2,3.51
2026-07-06 14:26:34,11.95,6.99,149.3,181.4,3.45
2026-07-06 14:26:35,11.8,6.99,148.2,178.4,3.5
2026-07-06 14:26:36,11.97,7.06,151.6,180.3,3.41
2026-07-06 14:26:37,11.91,7.26,148.7,176.5,3.5
2026-07-06 14:26:38,11.9,7.07,149.3,178.5,3.45
2026-07-06 14:26:39,11.75,7.07,149.9,176.2,3.56
2026-07-06 14:26:40,12.04,6.82,151.2,188.1,3.58
2026-07-06 14:26:41,11.76,7.04,151.0,178.0,3.54
2026-07-06 14:26:42,12.08,7.06,150.0,185.1,3.57
2026-07-06 14:26:43,11.66,7.12,149.6,172.4,3.39
2026-07-06 14:26:44,12.02,6.96,148.0,182.6,3.53
2026-07-06 14:26:45,12.0,7.0,148.5,181.3,3.5
2026-07-06 14:26:46,11.91,6.93,150.0,182.5,3.52
2026-07-06 14:26:47,12.23,6.95,150.4,186.1,3.48
2026-07-06 14:26:48,12.02,7.06,150.3,178.5,3.5
2026-07-06 14:26:49,11.9,7.0,149.2,179.2,3.52
2026-07-06 14:26:50,11.91,7.1,149.6,175.6,3.4
2026-07-06 14:26:51,12.06,6.99,150.5,182.8,3.51
2026-07-06 14:26:52,12.13,6.94,149.7,186.9,3.56
2026-07-06 14:26:53,11.88,7.08,150.4,180.3,3.48
2026-07-06 14:26:54,12.18,6.89,150.2,190.6,3.42
2026-07-06 14:26:55,11.93,6.9,150.2,179.0,3.56
2026-07-06 14:26:56,11.78,7.05,149.2,178.1,3.45
2026-07-06 14:26:57,12.31,6.89,151.0,188.5,3.46
2026-07-06 14:26:58,11.97,6.95,150.1,179.4,3.48
2026-07-06 14:26:59,12.11,6.96,151.1,186.0,3.5
2026-07-06 14:27:00,11.96,7.03,150.0,180.6,3.52
2026-07-06 14:27:01,11.77,6.94,153.3,182.2,3.56
2026-07-06 14:27:02,12.06,7.15,148.5,179.1,3.51
2026-07-06 14:27:03,12.12,6.87,151.3,186.1,3.55
2026-07-06 14:27:04,12.04,7.12,150.8,182.3,3.49
2026-07-06 14:27:05,12.04,7.0,149.7,183.0,3.56
2026-07-06 14:27:06,12.35,6.82,151.0,191.2,3.48
2026-07-06 14:27:07,11.85,6.95,148.5,177.5,3.57
2026-07-06 14:27:08,12.05,6.99,152.5,185.3,3.43
2026-07-06 14:27:09,12.26,7.02,153.4,190.3,3.5
2026-07-06 14:27:10,12.04,7.06,147.8,179.2,3.57
2026-07-06 14:27:11,12.06,6.91,151.7,183.7,3.43
2026-07-06 14:27:12,12.05,6.97,148.3,182.2,3.44
2026-07-06 14:27:13,12.04,6.97,152.4,184.8,3.43
2026-07-06 14:27:14,12.32,7.23,149.8,183.5,3.56
2026-07-06 14:27:15,12.34,6.98,150.9,190.0,3.55
2026-07-06 14:27:16,11.98,6.97,149.3,181.7,3.47
2026-07-06 14:27:17,12.01,7.01,151.2,183.6,3.44
2026-07-06 14:27:18,11.99,7.04,150.6,182.8,3.6
2026-07-06 14:27:19,11.97,6.8,149.0,184.1,3.42
2026-07-06 14:27:20,11.72,6.95,150.9,179.4,3.45
2026-07-06 14:27:21,11.92,6.85,150.9,182.7,3.54
2026-07-06 14:27:22,11.8,6.98,151.1,181.1,3.56
2026-07-06 14:27:23,11.85,7.03,150.7,180.8,3.5
2026-07-06 14:27:24,12.13,6.88,148.1,184.6,3.36
2026-07-06 14:27:25,11.87,7.02,151.7,179.9,3.54
2026-07-06 14:27:26,12.28,6.93,150.8,188.0,3.52
2026-07-06 14:27:27,11.96,6.96,149.2,182.6,3.52
2026-07-06 14:27:28,11.97,6.97,150.8,184.2,3.52
2026-07-06 14:27:29,12.08,6.93,150.8,185.5,3.54
2026-07-06 14:27:30,12.07,7.18,150.5,180.8,3.56
2026-07-06 14:27:31,11.93,6.86,150.0,182.2,3.55
2026-07-06 14:27:32,12.01,7.04,148.7,181.7,3.54
2026-07-06 14:27:33,12.32,6.98,150.1,192.4,3.51
2026-07-06 14:27:34,12.07,7.14,149.9,180.7,3.43
2026-07-06 14:27:35,12.13,6.93,150.6,186.2,3.58
2026-07-06 14:27:36,12.25,6.86,150.6,189.1,3.58
2026-07-06 14:27:37,11.92,7.1,150.1,177.6,3.48
2026-07-06 14:27:38,12.11,7.04,152.2,184.7,3.44
2026-07-06 14:27:39,11.82,6.84,150.5,182.2,3.45
2026-07-06 14:27:40,12.01,6.8,151.0,186.6,3.58
2026-07-06 14:27:41,12.24,7.13,149.9,185.8,3.5
2026-07-06 14:27:42,11.92,7.03,150.6,181.3,3.48
2026-07-06 14:27:43,11.99,6.89,149.1,185.0,3.56
2026-07-06 14:27:44,12.06,7.07,149.9,181.2,3.49
2026-07-06 14:27:45,12.07,7.15,150.9,182.3,3.49
2026-07-06 14:27:46,12.13,6.94,149.9,185.4,3.61
2026-07-06 14:27:47,12.04,6.82,151.7,185.5,3.48
2026-07-06 14:27:48,12.09,6.93,150.1,182.0,3.47
2026-07-06 14:27:49,11.83,6.85,151.1,182.8,3.4
2026-07-06 14:27:50,12.21,7.16,148.3,183.7,3.53
2026-07-06 14:27:51,12.24,7.15,148.8,185.1,3.46
2026-07-06 14:27:52,12.07,7.05,150.1,185.7,3.47
2026-07-06 14:27:53,12.13,6.96,149.6,183.6,3.53
2026-07-06 14:27:54,11.84,6.88,149.3,181.1,3.49
2026-07-06 14:27:55,12.22,6.94,149.7,188.5,3.49
2026-07-06 14:27:56,11.85,7.0,146.9,178.0,3.49
2026-07-06 14:27:57,12.12,7.02,151.3,182.9,3.56
2026-07-06 14:27:58,12.09,6.88,150.2,183.2,3.46
2026-07-06 14:27:59,11.93,7.13,150.2,178.3,3.48
2026-07-06 14:28:00,12.26,6.97,152.6,189.2,3.46
2026-07-06 14:28:01,11.98,7.22,148.6,178.4,3.47
2026-07-06 14:28:02,11.95,7.02,150.1,180.1,3.43
2026-07-06 14:28:03,11.91,7.05,151.0,179.7,3.55
2026-07-06 14:28:04,12.25,6.95,151.2,188.8,3.52
2026-07-06 14:28:05,11.83,7.1,150.1,179.2,3.52
2026-07-06 14:28:06,12.13,7.08,148.6,182.6,3.47
2026-07-06 14:28:07,11.95,6.95,149.8,181.4,3.45
2026-07-06 14:28:08,12.06,6.88,149.6,185.1,3.48
2026-07-06 14:28:09,11.92,7.08,151.1,177.5,3.49
2026-07-06 14:28:10,11.98,6.97,151.4,182.8,3.53
2026-07-06 14:28:11,12.1,7.05,149.5,183.7,3.41
2026-07-06 14:28:12,11.91,7.16,150.0,179.2,3.37
2026-07-06 14:28:13,12.0,7.02,149.6,180.7,3.53
2026-07-06 14:28:14,12.11,6.87,150.3,186.9,3.59
2026-07-06 14:28:15,11.79,6.91,149.5,179.8,3.52
2026-07-06 14:28:16,11.89,6.93,150.6,183.7,3.54
2026-07-06 14:28:17,12.19,6.86,147.5,185.9,3.43
2026-07-06 14:28:18,12.07,7.0,151.2,184.9,3.44
2026-07-06 14:28:19,11.86,6.94,150.0,181.9,3.47
2026-07-06 14:28:20,11.91,6.92,149.0,180.7,3.47
2026-07-06 14:28:21,12.02,7.04,151.3,179.5,3.53
2026-07-06 14:28:22,11.94,7.07,149.2,177.8,3.5
2026-07-06 14:28:23,12.0,7.06,150.1,182.4,3.52
2026-07-06 14:28:24,12.12,6.93,148.3,185.9,3.48
2026-07-06 14:28:25,11.98,7.0,150.2,179.6,3.45
2026-07-06 14:28:26,12.04,7.16,149.9,179.6,3.5
2026-07-06 14:28:27,11.9,7.11,149.4,181.1,3.51
2026-07-06 14:28:28,12.01,6.9,149.4,180.3,3.49
2026-07-06 14:28:29,11.92,6.94,150.3,182.7,3.48
2026-07-06 14:28:30,12.14,6.92,150.5,185.8,3.5
2026-07-06 14:28:31,12.07,7.05,148.7,178.5,3.47
2026-07-06 14:28:32,11.89,7.0,149.7,180.6,3.49
2026-07-06 14:28:33,12.31,7.04,150.9,187.9,3.5
2026-07-06 14:28:34,12.33,6.91,150.6,187.0,3.43
2026-07-06 14:28:35,11.78,7.07,148.4,177.9,3.5
2026-07-06 14:28:36,12.14,7.13,150.0,182.8,3.45
2026-07-06 14:28:37,11.81,6.96,149.3,178.5,3.5
2026-07-06 14:28:38,12.01,6.98,148.3,181.5,3.49
2026-07-06 14:28:39,12.06,6.93,150.9,187.0,3.55
2026-07-06 14:28:40,11.97,6.95,148.2,179.1,3.55
2026-07-06 14:28:41,12.18,7.25,149.1,179.8,3.47
2026-07-06 14:28:42,12.24,6.87,151.3,187.5,3.53
2026-07-06 14:28:43,11.97,7.1,150.1,182.2,3.48
2026-07-06 14:28:44,12.26,7.19,150.8,182.2,3.46
2026-07-06 14:28:45,11.95,6.95,150.1,182.7,3.37
2026-07-06 14:28:46,12.14,6.93,147.2,182.6,3.38
2026-07-06 14:28:47,11.94,6.96,151.2,183.6,3.5
2026-07-06 14:28:48,11.78,6.92,148.8,182.1,3.49
2026-07-06 14:28:49,11.96,7.14,151.3,180.0,3.53
2026-07-06 14:28:50,11.96,7.22,150.2,178.9,3.45
2026-07-06 14:28:51,11.92,6.81,150.1,184.9,3.52
2026-07-06 14:28:52,11.81,7.0,150.4,181.5,3.48
2026-07-06 14:28:53,12.29,7.14,149.9,187.3,3.59
2026-07-06 14:28:54,11.77,7.12,149.8,174.7,3.43
2026-07-06 14:28:55,12.22,6.98,150.0,185.2,3.44
2026-07-06 14:28:56,11.9,7.02,149.6,182.2,3.58
2026-07-06 14:28:57,12.11,6.9,149.3,185.1,3.53
2026-07-06 14:28:58,11.94,6.89,149.9,182.9,3.48
2026-07-06 14:28:59,11.84,6.73,151.2,183.3,3.49
2026-07-06 14:29:00,12.2,7.07,149.7,184.8,3.45
2026-07-06 14:29:01,11.82,6.94,150.6,177.3,3.47
2026-07-06 14:29:02,12.04,7.03,151.6,184.3,3.58
2026-07-06 14:29:03,12.2,7.12,148.7,183.4,3.51
2026-07-06 14:29:04,12.0,6.94,150.1,185.0,3.54
2026-07-06 14:29:05,11.87,7.22,148.9,175.3,3.52
2026-07-06 14:29:06,11.96,7.01,151.2,183.1,3.47
2026-07-06 14:29:07,12.32,7.04,149.0,188.6,3.48
2026-07-06 14:29:08,12.06,7.17,151.6,184.3,3.49
2026-07-06 14:29:09,12.04,7.14,148.5,179.8,3.44
2026-07-06 14:29:10,11.98,6.91,151.9,186.4,3.46
2026-07-06 14:29:11,11.94,7.13,149.5,180.7,3.36
2026-07-06 14:29:12,12.18,6.97,150.2,188.1,3.47
2026-07-06 14:29:13,12.26,6.78,149.4,187.8,3.48
2026-07-06 14:29:14,12.18,7.04,149.9,182.7,3.47
2026-07-06 14:29:15,12.2,7.02,148.5,182.8,3.67
2026-07-06 14:29:16,12.12,6.82,150.3,185.5,3.54
2026-07-06 14:29:17,11.85,6.78,149.5,185.0,3.42
2026-07-06 14:29:18,11.74,6.97,150.5,176.2,3.48
2026-07-06 14:29:19,12.05,7.03,150.5,184.4,3.45
2026-07-06 14:29:20,12.12,7.1,149.1,182.1,3.52
2026-07-06 14:29:21,11.86,7.21,151.8,178.3,3.54
2026-07-06 14:29:22,12.3,7.02,148.6,186.6,3.58
2026-07-06 14:29:23,11.85,7.02,151.3,181.1,3.51
2026-07-06 14:29:24,12.11,6.81,152.0,190.3,3.46
2026-07-06 14:29:25,11.93,7.0,150.9,181.4,3.5
2026-07-06 14:29:26,11.9,6.9,151.5,181.7,3.52
2026-07-06 14:29:27,12.3,7.03,149.5,187.2,3.57
2026-07-06 14:29:28,12.1,7.08,149.5,183.4,3.56
2026-07-06 14:29:29,12.08,7.0,147.5,183.4,3.41
2026-07-06 14:29:30,12.04,7.25,150.7,179.0,3.44
2026-07-06 14:29:31,11.95,7.12,152.5,179.9,3.45
2026-07-06 14:29:32,11.93,6.99,151.3,179.6,3.42
2026-07-06 14:29:33,12.16,6.98,151.8,186.2,3.5
2026-07-06 14:29:34,12.2,6.98,150.3,184.2,3.49
2026-07-06 14:29:35,11.74,7.06,149.8,179.1,3.43
2026-07-06 14:29:36,12.2,6.99,149.4,184.0,3.47
2026-07-06 14:29:37,12.25,7.04,150.9,188.2,3.57
2026-07-06 14:29:38,12.07,7.02,149.9,182.6,3.42
2026-07-06 14:29:39,12.13,6.99,150.4,188.0,3.55
2026-07-06 14:29:40,11.93,6.85,150.2,185.2,3.48
2026-07-06 14:29:41,12.02,6.93,150.2,185.9,3.54
2026-07-06 14:29:42,12.17,7.03,151.0,184.3,3.53
2026-07-06 14:29:43,12.04,7.07,149.0,183.4,3.52
2026-07-06 14:29:44,12.31,6.87,151.4,192.8,3.61
2026-07-06 14:29:45,12.14,7.15,152.1,182.4,3.47
2026-07-06 14:29:46,11.91,7.32,150.7,176.1,3.54
2026-07-06 14:29:47,11.86,7.07,150.9,179.8,3.6
2026-07-06 14:29:48,11.73,7.15,149.1,173.9,3.41
2026-07-06 14:29:49,11.78,7.13,150.2,177.1,3.47
2026-07-06 14:29:50,11.72,6.85,148.5,179.7,3.49
2026-07-06 14:29:51,11.95,7.15,148.3,178.0,3.57
2026-07-06 14:29:52,11.94,6.93,150.7,182.9,3.52
2026-07-06 14:29:53,12.18,7.02,151.0,185.2,3.55
2026-07-06 14:29:54,11.89,7.2,149.6,177.8,3.46
2026-07-06 14:29:55,12.08,6.94,150.4,187.0,3.47
2026-07-06 14:29:56,11.96,7.11,150.7,182.1,3.48
2026-07-06 14:29:57,11.98,7.05,152.2,182.2,3.48
2026-07-06 14:29:58,11.96,7.01,149.1,181.5,3.46
2026-07-06 14:29:59,12.02,6.97,146.1,182.9,3.57
2026-07-06 14:30:00,12.04,6.91,151.1,184.1,3.58
2026-07-06 14:30:01,12.28,7.03,151.2,184.7,3.4
2026-07-06 14:30:02,11.91,7.02,150.7,179.4,3.52
2026-07-06 14:30:03,11.93,7.03,148.5,177.8,3.49
2026-07-06 14:30:04,12.11,6.95,150.1,185.7,3.58
2026-07-06 14:30:05,11.82,7.02,148.1,178.3,3.46
2026-07-06 14:30:06,12.31,6.88,149.2,190.3,3.44
2026-07-06 14:30:07,12.0,7.01,151.7,185.2,3.5
2026-07-06 14:30:08,12.11,7.08,148.7,185.4,3.51
2026-07-06 14:30:09,11.97,6.94,150.3,183.3,3.53
2026-07-06 14:30:10,11.84,7.08,149.0,180.2,3.5
2026-07-06 14:30:11,12.14,7.11,149.3,184.4,3.49
2026-07-06 14:30:12,12.24,6.94,149.2,188.8,3.43
2026-07-06 14:30:13,11.88,6.89,149.0,184.0,3.5
2026-07-06 14:30:14,12.18,7.06,149.9,184.2,3.54
2026-07-06 14:30:15,11.97,6.98,148.7,182.2,3.47
2026-07-06 14:30:16,12.08,6.94,151.1,184.2,3.44
2026-07-06 14:30:17,11.96,6.89,150.3,183.4,3.51
2026-07-06 14:30:18,11.99,6.99,148.8,182.2,3.54
2026-07-06 14:30:19,11.99,6.9,148.4,185.1,3.39
2026-07-06 14:30:20,11.89,6.97,150.3,182.5,3.52
2026-07-06 14:30:21,11.98,7.08,149.7,181.8,3.5
2026-07-06 14:30:22,11.95,7.08,150.0,181.4,3.49
2026-07-06 14:30:23,12.1,7.08,148.7,183.2,3.44
2026-07-06 14:30:24,11.91,6.88,151.7,185.1,3.46
2026-07-06 14:30:25,12.06,6.95,148.6,185.0,3.52
2026-07-06 14:30:26,12.01,7.07,149.8,179.2,3.48
2026-07-06 14:30:27,11.72,7.08,148.9,176.2,3.53
2026-07-06 14:30:28,11.93,6.96,149.9,183.8,3.54
2026-07-06 14:30:29,12.09,6.92,152.5,189.2,3.43
2026-07-06 14:30:30,12.03,7.01,151.2,183.3,3.47
2026-07-06 14:30:31,12.01,7.01,148.4,180.9,3.45
2026-07-06 14:30:32,11.95,7.01,150.6,182.5,3.48
2026-07-06 14:30:33,11.73,7.0,150.4,179.1,3.54
2026-07-06 14:30:34,11.96,6.98,148.7,180.9,3.53
2026-07-06 14:30:35,11.84,6.92,150.2,183.5,3.54
2026-07-06 14:30:36,12.05,7.03,150.8,183.2,3.6
2026-07-06 14:30:37,12.19,7.09,149.9,184.9,3.45
2026-07-06 14:30:38,12.02,7.06,151.8,181.9,3.5
2026-07-06 14:30:39,12.01,7.04,150.6,182.4,3.48
2026-07-06 14:30:40,11.73,6.97,149.4,180.0,3.45
2026-07-06 14:30:41,12.21,6.94,149.0,188.5,3.53
2026-07-06 14:30:42,12.19,7.14,148.8,186.5,3.47
2026-07-06 14:30:43,11.91,6.93,149.1,183.5,3.54
2026-07-06 14:30:44,11.97,7.08,150.8,183.0,3.37
2026-07-06 14:30:45,12.25,6.89,152.5,190.9,3.5
2026-07-06 14:30:46,12.19,6.88,150.2,190.1,3.5
2026-07-06 14:30:47,12.11,6.97,148.0,183.4,3.41
2026-07-06 14:30:48,11.89,7.06,148.7,180.8,3.55
2026-07-06 14:30:49,12.04,6.84,151.8,187.8,3.54
2026-07-06 14:30:50,12.08,6.96,150.0,184.8,3.56
2026-07-06 14:30:51,12.14,6.89,152.0,189.0,3.55
2026-07-06 14:30:52,12.2,6.98,149.0,185.5,3.55
2026-07-06 14:30:53,11.78,6.89,151.8,181.0,3.45
2026-07-06 14:30:54,12.19,6.93,149.0,188.3,3.56
2026-07-06 14:30:55,12.03,6.94,152.0,187.9,3.43
2026-07-06 14:30:56,11.93,7.13,151.7,180.8,3.51
2026-07-06 14:30:57,11.83,6.85,150.7,181.5,3.47
2026-07-06 14:30:58,11.87,7.04,148.8,180.9,3.43
2026-07-06 14:30:59,11.93,7.06,150.0,180.5,3.4
2026-07-06 14:31:00,11.88,7.13,152.1,181.1,3.5
2026-07-06 14:31:01,12.15,7.12,152.0,185.0,3.52
2026-07-06 14:31:02,12.13,7.13,149.7,181.2,3.48
2026-07-06 14:31:03,12.03,7.02,151.0,181.6,3.48
2026-07-06 14:31:04,12.05,7.09,149.0,180.3,3.5
2026-07-06 14:31:05,12.01,7.13,150.2,180.2,3.52
2026-07-06 14:31:06,12.18,6.95,149.4,186.3,3.47
2026-07-06 14:31:07,12.02,7.11,150.9,182.4,3.44
2026-07-06 14:31:08,12.0,7.14,148.9,180.2,3.48
2026-07-06 14:31:09,12.01,6.86,150.4,185.1,3.5
2026-07-06 14:31:10,12.12,7.06,150.8,184.9,3.55
2026-07-06 14:31:11,12.02,6.95,151.2,184.0,3.44
2026-07-06 14:31:12,12.01,6.97,151.9,183.1,3.44
2026-07-06 14:31:13,11.84,6.97,150.0,182.3,3.49
2026-07-06 14:31:14,12.07,6.88,150.0,186.9,3.57
2026-07-06 14:31:15,11.92,6.91,150.2,184.5,3.5
2026-07-06 14:31:16,12.02,7.24,150.3,178.5,3.54
2026-07-06 14:31:17,11.94,7.11,148.9,178.2,3.55
2026-07-06 14:31:18,11.99,7.19,151.3,182.3,3.53
2026-07-06 14:31:19,12.26,7.04,151.3,189.0,3.46
2026-07-06 14:31:20,12.13,6.83,149.0,187.2,3.48
2026-07-06 14:31:21,11.71,6.84,150.2,179.8,3.51
2026-07-06 14:31:22,12.05,7.08,147.2,182.1,3.55
2026-07-06 14:31:23,11.99,7.12,149.9,181.2,3.49
2026-07-06 14:31:24,11.92,7.14,147.8,179.1,3.52
2026-07-06 14:31:25,12.06,7.04,149.7,183.2,3.52
2026-07-06 14:31:26,11.93,7.12,151.8,181.6,3.52
2026-07-06 14:31:27,11.98,6.86,150.6,186.2,3.55
2026-07-06 14:31:28,11.8,7.1,148.4,175.4,3.53
2026-07-06 14:31:29,11.8,7.04,150.8,179.6,3.54
2026-07-06 14:31:30,11.87,7.04,149.8,181.6,3.58
2026-07-06 14:31:31,11.91,6.99,152.6,185.4,3.54
2026-07-06 14:31:32,12.17,7.06,152.1,185.0,3.5
2026-07-06 14:31:33,12.37,6.95,151.6,192.9,3.37
2026-07-06 14:31:34,12.42,7.07,149.3,185.0,3.56
2026-07-06 14:31:35,11.97,6.98,151.3,184.5,3.51
2026-07-06 14:31:36,11.76,6.93,149.6,177.4,3.47
2026-07-06 14:31:37,12.13,7.15,152.3,183.9,3.58
2026-07-06 14:31:38,12.0,6.93,151.4,184.7,3.47
2026-07-06 14:31:39,12.31,6.92,150.4,188.3,3.47
2026-07-06 14:31:40,11.82,7.04,151.6,178.7,3.39
2026-07-06 14:31:41,12.04,7.07,151.2,184.7,3.53
2026-07-06 14:31:42,11.94,7.06,147.7,180.0,3.44
2026-07-06 14:31:43,12.14,6.97,149.9,185.7,3.47
2026-07-06 14:31:44,11.93,7.05,149.9,179.0,3.57
2026-07-06 14:31:45,12.13,7.0,148.0,183.7,3.49
2026-07-06 14:31:46,11.8,6.93,149.8,181.0,3.55
2026-07-06 14:31:47,11.82,7.02,150.4,178.1,3.41
2026-07-06 14:31:48,12.03,6.95,148.0,181.1,3.49
2026-07-06 14:31:49,11.95,6.86,149.3,183.0,3.48
2026-07-06 14:31:50,12.03,6.88,151.9,187.8,3.48
2026-07-06 14:31:51,11.97,7.12,151.9,183.3,3.53
2026-07-06 14:31:52,12.2,7.07,149.7,185.1,3.53
2026-07-06 14:31:53,12.11,7.03,148.7,183.5,3.53
2026-07-06 14:31:54,11.94,6.97,148.3,180.6,3.52
2026-07-06 14:31:55,12.0,6.95,151.6,184.1,3.5
2026-07-06 14:31:56,12.0,7.24,147.8,178.7,3.49
2026-07-06 14:31:57,12.34,7.08,151.6,186.9,3.45
2026-07-06 14:31:58,12.05,6.98,150.1,181.2,3.45
2026-07-06 14:31:59,11.77,6.99,149.9,176.2,3.5
2026-07-06 14:32:00,11.97,7.0,150.2,183.0,3.44
2026-07-06 14:32:01,12.33,7.15,150.0,184.8,3.46
2026-07-06 14:32:02,12.14,6.97,150.6,185.1,3.57
2026-07-06 14:32:03,11.68,6.95,150.7,178.8,3.44
2026-07-06 14:32:04,11.96,7.05,150.5,184.4,3.55
2026-07-06 14:32:05,12.23,7.08,149.8,182.8,3.49
2026-07-06 14:32:06,11.91,7.07,149.6,178.6,3.5
2026-07-06 14:32:07,11.96,7.1,149.5,181.0,3.58
2026-07-06 14:32:08,11.94,6.89,150.6,183.8,3.48
2026-07-06 14:32:09,11.84,7.03,149.4,180.2,3.51
2026-07-06 14:32:10,11.95,6.9,150.6,186.6,3.54
2026-07-06 14:32:11,12.06,6.97,149.3,187.5,3.44
2026-07-06 14:32:12,12.03,7.08,150.7,183.6,3.42
2026-07-06 14:32:13,12.13,6.83,150.6,188.3,3.51
2026-07-06 14:32:14,11.94,6.98,150.2,183.5,3.55
2026-07-06 14:32:15,11.94,7.13,152.3,178.8,3.5
2026-07-06 14:32:16,12.05,6.81,152.9,186.0,3.63
2026-07-06 14:32:17,12.13,7.03,149.6,184.0,3.52
2026-07-06 14:32:18,11.88,6.93,147.4,180.3,3.49
2026-07-06 14:32:19,12.25,7.04,151.0,185.7,3.55
2026-07-06 14:32:20,12.05,7.07,150.2,182.5,3.51
2026-07-06 14:32:21,11.96,6.83,148.3,185.1,3.53
2026-07-06 14:32:22,12.12,7.01,150.8,184.7,3.52
2026-07-06 14:32:23,11.81,7.09,150.6,177.5,3.47
2026-07-06 14:32:24,11.76,7.23,149.2,176.2,3.54
2026-07-06 14:32:25,12.27,6.96,151.4,190.1,3.49
2026-07-06 14:32:26,11.9,6.8,150.4,186.9,3.46
2026-07-06 14:32:27,12.0,7.13,148.7,177.7,3.45
2026-07-06 14:32:28,12.12,6.94,149.8,186.2,3.56
2026-07-06 14:32:29,12.15,6.96,151.5,187.0,3.5
2026-07-06 14:32:30,12.01,6.85,151.1,186.9,3.46
2026-07-06 14:32:31,11.88,6.88,150.2,181.3,3.57
2026-07-06 14:32:32,11.77,7.17,150.5,177.5,3.49
2026-07-06 14:32:33,11.98,7.0,149.9,179.6,3.53
2026-07-06 14:32:34,11.87,6.91,148.0,179.9,3.54
2026-07-06 14:32:35,12.37,6.94,150.0,190.4,3.5
2026-07-06 14:32:36,12.08,6.86,148.9,186.6,3.55
2026-07-06 14:32:37,11.9,7.13,150.2,178.9,3.51
2026-07-06 14:32:38,12.21,6.87,150.9,189.1,3.48
2026-07-06 14:32:39,11.99,6.83,149.7,183.2,3.56
2026-07-06 14:32:40,11.85,6.97,151.7,180.6,3.48
2026-07-06 14:32:41,11.87,6.99,149.6,183.1,3.55
2026-07-06 14:32:42,12.1,6.82,150.5,184.6,3.54
2026-07-06 14:32:43,12.2,6.76,150.5,190.0,3.47
2026-07-06 14:32:44,11.84,7.04,149.1,178.2,3.51
2026-07-06 14:32:45,11.98,7.16,150.7,179.0,3.43
2026-07-06 14:32:46,11.74,7.04,148.5,178.6,3.52
2026-07-06 14:32:47,12.22,6.95,149.2,186.1,3.54
2026-07-06 14:32:48,12.01,7.13,149.5,178.0,3.52
2026-07-06 14:32:49,11.88,7.12,150.5,180.8,3.55
2026-07-06 14:32:50,11.72,7.03,148.4,176.1,3.46
2026-07-06 14:32:51,11.83,7.02,150.2,178.7,3.46
2026-07-06 14:32:52,11.95,6.91,151.0,184.3,3.49
2026-07-06 14:32:53,12.11,7.06,149.7,183.1,3.48
2026-07-06 14:32:54,11.88,7.04,149.2,179.8,3.48
2026-07-06 14:32:55,11.99,6.82,151.8,183.4,3.45
2026-07-06 14:32:56,11.87,6.99,150.7,180.8,3.51
2026-07-06 14:32:57,12.07,6.95,148.5,183.8,3.55
2026-07-06 14:32:58,12.08,7.06,149.8,183.1,3.49
2026-07-06 14:32:59,11.94,6.84,149.3,185.6,3.56
2026-07-06 14:33:00,12.03,6.95,150.6,184.8,3.56
2026-07-06 14:33:01,11.85,7.04,149.7,180.4,3.44
2026-07-06 14:33:02,11.95,7.18,149.7,178.9,3.55
2026-07-06 14:33:03,12.31,7.09,152.0,186.4,3.53
2026-07-06 14:33:04,11.99,6.85,149.6,187.3,3.62
2026-07-06 14:33:05,12.0,7.07,150.6,183.3,3.51
2026-07-06 14:33:06,12.32,7.06,151.8,192.4,3.45
2026-07-06 14:33:07,12.11,7.15,146.9,178.2,3.49
2026-07-06 14:33:08,11.94,6.95,150.9,181.8,3.55
2026-07-06 14:33:09,11.93,7.12,150.8,179.1,3.54
2026-07-06 14:33:10,11.94,6.95,150.0,181.1,3.59
2026-07-06 14:33:11,12.0,6.83,149.6,187.0,3.44
2026-07-06 14:33:12,11.95,7.07,150.7,178.7,3.43
2026-07-06 14:33:13,12.06,6.94,150.3,185.5,3.5
2026-07-06 14:33:14,11.92,7.09,149.2,178.2,3.51
2026-07-06 14:33:15,11.63,7.23,147.7,173.3,3.46
2026-07-06 14:33:16,11.89,7.08,148.5,179.7,3.5
2026-07-06 14:33:17,11.8,7.06,149.6,176.4,3.57
2026-07-06 14:33:18,11.97,6.92,150.4,184.2,3.53
2026-07-06 14:33:19,11.68,6.91,151.5,179.5,3.53
2026-07-06 14:33:20,12.01,7.06,150.3,181.1,3.51
2026-07-06 14:33:21,11.9,7.15,151.2,177.7,3.53
2026-07-06 14:33:22,11.91,6.97,149.0,178.1,3.47
2026-07-06 14:33:23,11.96,6.91,150.0,182.2,3.53
2026-07-06 14:33:24,11.95,6.95,150.7,180.8,3.45
2026-07-06 14:33:25,12.34,7.28,149.8,181.1,3.53
2026-07-06 14:33:26,12.11,7.07,149.3,185.6,3.47
2026-07-06 14:33:27,11.96,6.95,150.4,184.3,3.56
2026-07-06 14:33:28,12.09,6.93,150.8,184.0,3.51
2026-07-06 14:33:29,12.0,7.01,152.6,186.5,3.5
2026-07-06 14:33:30,11.98,7.05,153.2,181.7,3.49
2026-07-06 14:33:31,12.05,6.81,150.8,185.8,3.53
2026-07-06 14:33:32,12.04,6.96,150.6,184.9,3.48
2026-07-06 14:33:33,12.02,6.94,150.6,186.3,3.43
2026-07-06 14:33:34,11.83,6.97,151.3,181.3,3.51
2026-07-06 14:33:35,11.88,6.99,147.4,178.4,3.44
2026-07-06 14:33:36,11.8,7.06,148.9,177.1,3.54
2026-07-06 14:33:37,12.06,7.08,151.5,182.3,3.5
2026-07-06 14:33:38,12.05,7.01,151.8,184.8,3.49
2026-07-06 14:33:39,11.96,7.0,148.4,183.1,3.52
2026-07-06 14:33:40,11.97,7.1,150.6,177.8,3.56
2026-07-06 14:33:41,12.08,6.88,150.7,186.7,3.53
2026-07-06 14:33:42,12.22,6.98,149.4,185.1,3.51
2026-07-06 14:33:43,11.98,7.07,149.0,180.0,3.39
2026-07-06 14:33:44,11.87,7.02,151.6,182.6,3.54
2026-07-06 14:33:45,12.07,7.05,148.8,180.1,3.47
2026-07-06 14:33:46,11.95,6.99,151.0,182.7,3.51
2026-07-06 14:33:47,11.96,6.82,151.2,187.0,3.44
2026-07-06 14:33:48,11.87,6.95,149.9,182.5,3.56
2026-07-06 14:33:49,12.03,7.01,149.4,182.2,3.49
2026-07-06 14:33:50,11.87,7.11,150.1,176.8,3.55
2026-07-06 14:33:51,11.77,7.1,151.3,175.2,3.51
2026-07-06 14:33:52,12.06,6.99,150.8,185.6,3.55
2026-07-06 14:33:53,12.01,6.99,149.6,182.0,3.52
2026-07-06 14:33:54,12.02,7.07,148.7,182.0,3.5
2026-07-06 14:33:55,11.89,7.05,149.4,181.2,3.57
2026-07-06 14:33:56,11.75,7.05,147.3,174.5,3.57
2026-07-06 14:33:57,11.96,7.2,147.0,176.7,3.5
2026-07-06 14:33:58,11.96,7.01,150.9,181.5,3.55
2026-07-06 14:33:59,11.98,7.09,151.2,179.8,3.47
2026-07-06 14:34:00,12.05,6.96,148.8,183.9,3.5
2026-07-06 14:34:01,12.14,6.96,149.6,186.1,3.48
2026-07-06 14:34:02,12.04,6.94,152.2,187.0,3.51
2026-07-06 14:34:03,12.08,7.05,150.1,180.0,3.53
2026-07-06 14:34:04,11.78,7.19,150.9,174.0,3.46
2026-07-06 14:34:05,12.0,7.16,148.4,178.5,3.53
2026-07-06 14:34:06,11.94,6.96,150.5,182.8,3.51
2026-07-06 14:34:07,12.02,6.84,151.3,184.6,3.55
2026-07-06 14:34:08,12.13,7.09,150.4,183.0,3.59
2026-07-06 14:34:09,11.88,6.83,153.3,185.7,3.52
2026-07-06 14:34:10,12.4,7.08,152.2,189.9,3.5
2026-07-06 14:34:11,12.22,6.93,149.7,184.3,3.4
2026-07-06 14:34:12,11.64,7.03,151.7,178.7,3.47
2026-07-06 14:34:13,12.21,7.03,151.5,185.2,3.46
2026-07-06 14:34:14,12.16,6.98,151.4,183.1,3.47
2026-07-06 14:34:15,12.04,7.0,152.1,183.4,3.51
2026-07-06 14:34:16,11.95,7.01,149.3,179.5,3.56
2026-07-06 14:34:17,12.19,6.77,151.1,192.4,3.41
2026-07-06 14:34:18,11.85,7.03,147.8,179.4,3.59
2026-07-06 14:34:19,11.85,6.92,148.9,180.0,3.48
2026-07-06 14:34:20,12.32,6.99,150.3,188.1,3.57
2026-07-06 14:34:21,11.96,7.0,151.6,183.1,3.53
2026-07-06 14:34:22,11.9,7.01,149.0,180.2,3.51
2026-07-06 14:34:23,12.06,7.11,147.0,181.5,3.52
2026-07-06 14:34:24,12.15,6.97,149.8,186.3,3.44
2026-07-06 14:34:25,11.8,6.79,149.1,178.6,3.46
2026-07-06 14:34:26,12.37,6.93,149.6,189.6,3.5
2026-07-06 14:34:27,11.83,7.05,149.1,180.5,3.48
2026-07-06 14:34:28,12.19,6.96,148.3,183.5,3.53
2026-07-06 14:34:29,11.92,7.16,148.5,177.8,3.54
2026-07-06 14:34:30,11.92,6.99,151.6,181.3,3.45
2026-07-06 14:34:31,11.9,7.26,146.9,175.7,3.51
2026-07-06 14:34:32,11.94,6.87,149.3,182.1,3.51
2026-07-06 14:34:33,11.95,7.16,149.3,177.7,3.45
2026-07-06 14:34:34,11.99,7.0,148.9,181.2,3.37
2026-07-06 14:34:35,11.92,7.15,150.3,178.0,3.45
2026-07-06 14:34:36,11.81,7.15,150.0,175.6,3.46
2026-07-06 14:34:37,12.08,6.92,149.7,185.1,3.42
2026-07-06 14:34:38,12.08,7.13,149.3,180.6,3.54
2026-07-06 14:34:39,11.92,7.04,151.0,183.4,3.52
2026-07-06 14:34:40,12.11,6.75,150.2,185.0,3.53
2026-07-06 14:34:41,11.87,7.0,150.3,182.5,3.46
2026-07-06 14:34:42,11.82,6.87,149.0,180.5,3.45
2026-07-06 14:34:43,12.07,7.09,149.5,180.8,3.51
2026-07-06 14:34:44,12.09,7.03,150.7,184.9,3.45
2026-07-06 14:34:45,12.05,6.97,149.1,181.3,3.58
2026-07-06 14:34:46,11.98,7.04,149.5,179.0,3.51
2026-07-06 14:34:47,12.15,7.07,150.8,182.7,3.48
2026-07-06 14:34:48,12.08,6.88,149.2,184.5,3.47
2026-07-06 14:34:49,12.26,6.91,149.1,185.7,3.45
2026-07-06 14:34:50,12.09,6.98,149.3,184.0,3.51
2026-07-06 14:34:51,12.2,6.84,150.8,187.2,3.48
2026-07-06 14:34:52,11.86,6.96,152.2,182.1,3.54
2026-07-06 14:34:53,12.15,6.94,150.3,188.1,3.57
2026-07-06 14:34:54,11.96,6.94,151.1,182.0,3.53
2026-07-06 14:34:55,11.96,7.11,148.2,180.2,3.49
2026-07-06 14:34:56,12.01,7.12,151.2,180.1,3.46
2026-07-06 14:34:57,11.97,7.11,150.9,181.5,3.52
2026-07-06 14:34:58,12.07,6.86,148.2,187.7,3.39
2026-07-06 14:34:59,12.12,6.96,150.7,185.3,3.55
2026-07-06 14:35:00,11.94,6.93,150.3,185.1,3.47
2026-07-06 14:35:01,11.92,6.99,149.2,180.4,3.51
2026-07-06 14:35:02,12.03,6.92,150.0,182.6,3.47
2026-07-06 14:35:03,12.05,6.79,151.3,185.0,3.5
2026-07-06 14:35:04,12.01,6.97,149.7,182.2,3.43
2026-07-06 14:35:05,11.85,6.92,150.0,181.4,3.47
2026-07-06 14:35:06,12.2,7.02,150.1,187.6,3.51
2026-07-06 14:35:07,11.92,6.95,149.8,182.0,3.52
2026-07-06 14:35:08,11.83,7.08,151.5,178.5,3.49
2026-07-06 14:35:09,11.92,6.98,151.1,182.0,3.42
2026-07-06 14:35:10,12.0,6.96,151.8,186.4,3.49
2026-07-06 14:35:11,12.23,6.93,148.9,183.3,3.45
2026-07-06 14:35:12,11.99,7.01,149.6,183.6,3.49
2026-07-06 14:35:13,12.04,6.89,149.1,182.1,3.48
2026-07-06 14:35:14,11.96,6.99,150.5,181.8,3.48
2026-07-06 14:35:15,12.04,7.09,148.7,181.1,3.5
2026-07-06 14:35:16,11.74,7.03,150.5,175.7,3.54
2026-07-06 14:35:17,12.02,7.01,149.4,183.1,3.47
2026-07-06 14:35:18,12.13,7.15,152.4,187.7,3.54
2026-07-06 14:35:19,11.88,6.96,151.2,184.3,3.48
2026-07-06 14:35:20,12.02,6.99,150.6,186.2,3.56
2026-07-06 14:35:21,11.82,7.08,150.2,178.3,3.48
2026-07-06 14:35:22,12.05,7.06,150.0,183.0,3.47
2026-07-06 14:35:23,11.95,6.99,148.0,179.9,3.53
2026-07-06 14:35:24,11.93,7.11,149.4,177.7,3.42
2026-07-06 14:35:25,11.87,6.83,149.6,181.1,3.51
2026-07-06 14:35:26,12.0,6.88,147.1,181.3,3.49
2026-07-06 14:35:27,11.97,6.87,149.5,186.8,3.5
2026-07-06 14:35:28,11.76,7.09,150.3,176.7,3.56
2026-07-06 14:35:29,12.19,7.04,149.0,184.8,3.51
2026-07-06 14:35:30,12.24,6.97,148.7,185.9,3.48
2026-07-06 14:35:31,11.98,7.0,149.9,182.4,3.52
2026-07-06 14:35:32,12.17,6.78,150.0,191.1,3.5
2026-07-06 14:35:33,12.15,7.0,151.1,185.6,3.49
2026-07-06 14:35:34,12.17,7.02,147.7,183.5,3.61
2026-07-06 14:35:35,12.01,6.87,150.5,188.5,3.44
2026-07-06 14:35:36,12.36,6.94,149.1,185.2,3.48
2026-07-06 14:35:37,12.13,6.81,151.9,188.8,3.53
2026-07-06 14:35:38,11.87,6.86,148.7,185.5,3.54
2026-07-06 14:35:39,11.85,6.85,151.4,183.7,3.56
2026-07-06 14:35:40,11.96,6.99,149.5,181.2,3.48
2026-07-06 14:35:41,12.01,6.88,150.5,186.8,3.46
2026-07-06 14:35:42,12.19,7.01,151.9,185.6,3.47
2026-07-06 14:35:43,12.11,6.86,151.1,185.1,3.51
2026-07-06 14:35:44,11.88,7.01,149.0,181.7,3.41
2026-07-06 14:35:45,11.85,6.72,149.7,181.8,3.56
2026-07-06 14:35:46,11.84,7.09,150.8,179.1,3.55
2026-07-06 14:35:47,12.13,7.09,147.6,180.2,3.47
2026-07-06 14:35:48,12.37,7.03,151.7,186.9,3.53
2026-07-06 14:35:49,11.93,6.95,148.5,181.9,3.5
2026-07-06 14:35:50,12.0,6.96,150.1,184.7,3.44
2026-07-06 14:35:51,12.11,7.1,150.3,184.8,3.45
2026-07-06 14:35:52,12.01,7.01,150.3,182.5,3.47
2026-07-06 14:35:53,11.89,7.04,149.4,179.2,3.47
2026-07-06 14:35:54,11.99,6.99,150.2,180.8,3.5
2026-07-06 14:35:55,12.09,6.91,150.4,185.0,3.55
2026-07-06 14:35:56,11.83,7.02,150.3,178.8,3.56
2026-07-06 14:35:57,12.19,6.86,150.4,187.8,3.47
2026-07-06 14:35:58,12.0,6.93,151.7,182.7,3.54
2026-07-06 14:35:59,12.26,7.06,150.5,187.1,3.58
2026-07-06 14:36:00,12.18,7.02,149.2,186.3,3.34
2026-07-06 14:36:01,11.96,6.97,151.0,183.6,3.41
2026-07-06 14:36:02,11.92,7.09,149.5,178.8,3.48
2026-07-06 14:36:03,11.84,7.16,152.2,179.1,3.52
2026-07-06 14:36:04,12.07,7.0,150.9,185.3,3.45
2026-07-06 14:36:05,12.09,6.95,150.3,180.5,3.52
2026-07-06 14:36:06,11.92,6.86,150.9,182.8,3.57
2026-07-06 14:36:07,11.87,7.01,149.1,179.6,3.39
2026-07-06 14:36:08,12.01,7.07,151.8,183.4,3.55
2026-07-06 14:36:09,12.0,7.08,150.2,181.2,3.6
2026-07-06 14:36:10,12.17,6.97,148.7,186.8,3.5
2026-07-06 14:36:11,12.02,7.02,149.0,182.7,3.48
2026-07-06 14:36:12,11.98,7.08,148.4,180.4,3.55
2026-07-06 14:36:13,11.88,7.11,149.4,178.1,3.44
2026-07-06 14:36:14,11.93,6.98,149.6,179.4,3.49
2026-07-06 14:36:15,12.09,7.08,150.9,182.4,3.57
2026-07-06 14:36:16,12.04,7.08,148.9,180.5,3.5
2026-07-06 14:36:17,12.01,7.15,148.0,180.6,3.51
2026-07-06 14:36:18,12.11,6.89,150.2,186.2,3.53
2026-07-06 14:36:19,11.83,6.93,150.3,181.2,3.55
2026-07-06 14:36:20,12.31,6.86,149.6,187.2,3.48
2026-07-06 14:36:21,11.97,7.01,151.5,183.1,3.49
2026-07-06 14:36:22,11.93,7.09,149.6,181.0,3.53
2026-07-06 14:36:23,12.06,6.84,148.6,185.7,3.52
2026-07-06 14:36:24,11.76,7.09,150.0,178.9,3.53
2026-07-06 14:36:25,12.25,7.06,149.9,183.9,3.45
2026-07-06 14:36:26,12.01,7.04,150.3,186.0,3.47
2026-07-06 14:36:27,12.14,6.91,149.2,185.8,3.49
2026-07-06 14:36:28,12.09,6.94,149.9,185.9,3.47
2026-07-06 14:36:29,11.83,6.96,151.0,181.0,3.47
2026-07-06 14:36:30,11.83,6.89,149.9,180.8,3.49
2026-07-06 14:36:31,11.93,7.18,152.7,181.6,3.51
2026-07-06 14:36:32,12.04,7.11,150.3,181.2,3.51
2026-07-06 14:36:33,12.0,6.91,148.9,186.6,3.6
2026-07-06 14:36:34,12.23,7.05,152.5,185.2,3.55
2026-07-06 14:36:35,11.92,7.04,150.3,182.4,3.51
2026-07-06 14:36:36,12.03,6.91,151.6,188.1,3.48
2026-07-06 14:36:37,11.97,6.89,152.8,186.0,3.51
2026-07-06 14:36:38,12.0,7.0,151.1,185.0,3.52
2026-07-06 14:36:39,12.15,7.0,149.8,185.5,3.5
2026-07-06 14:36:40,12.04,7.02,148.6,181.9,3.59
2026-07-06 14:36:41,11.81,6.87,150.7,180.9,3.58
2026-07-06 14:36:42,12.19,6.89,148.2,188.6,3.49
2026-07-06 14:36:43,11.71,6.85,150.4,180.0,3.44
2026-07-06 14:36:44,11.93,7.03,151.6,184.9,3.42
2026-07-06 14:36:45,11.88,6.99,151.9,181.8,3.53
2026-07-06 14:36:46,12.29,7.11,150.0,185.1,3.46
2026-07-06 14:36:47,12.14,6.95,152.8,187.7,3.47
2026-07-06 14:36:48,11.94,6.91,150.8,185.6,3.5
2026-07-06 14:36:49,12.07,6.94,150.3,185.4,3.47
2026-07-06 14:36:50,12.02,7.0,151.1,183.0,3.43
2026-07-06 14:36:51,11.69,6.94,148.9,178.6,3.55
2026-07-06 14:36:52,11.87,6.87,149.7,181.2,3.52
2026-07-06 14:36:53,12.19,6.97,149.7,187.3,3.49
2026-07-06 14:36:54,11.98,6.98,151.1,185.9,3.47
2026-07-06 14:36:55,12.22,7.09,150.3,184.7,3.52
2026-07-06 14:36:56,12.29,6.97,150.7,189.3,3.39
2026-07-06 14:36:57,11.68,7.01,149.3,176.7,3.46
2026-07-06 14:36:58,11.98,6.84,148.2,183.0,3.58
2026-07-06 14:36:59,12.19,6.82,152.1,189.2,3.5
2026-07-06 14:37:00,12.15,6.97,148.8,185.6,3.5
2026-07-06 14:37:01,12.12,7.0,146.7,182.2,3.56
2026-07-06 14:37:02,11.87,7.06,149.0,179.8,3.49
2026-07-06 14:37:03,12.05,6.73,149.0,186.7,3.52
2026-07-06 14:37:04,11.94,7.0,150.7,184.7,3.53
2026-07-06 14:37:05,11.85,6.99,151.4,180.2,3.53
2026-07-06 14:37:06,11.99,7.02,150.7,182.1,3.46
2026-07-06 14:37:07,12.44,7.11,150.5,187.3,3.52
2026-07-06 14:37:08,11.98,6.91,151.5,188.0,3.42
2026-07-06 14:37:09,12.37,7.18,148.9,187.6,3.56
2026-07-06 14:37:10,12.11,7.12,152.2,183.8,3.47
2026-07-06 14:37:11,12.13,7.06,148.5,180.2,3.52
2026-07-06 14:37:12,12.07,7.02,151.8,186.1,3.49
2026-07-06 14:37:13,12.14,6.91,149.9,188.7,3.56
2026-07-06 14:37:14,12.09,7.18,151.4,181.7,3.55
2026-07-06 14:37:15,11.95,6.87,150.5,186.3,3.46
2026-07-06 14:37:16,12.09,6.94,150.1,187.0,3.54
2026-07-06 14:37:17,11.9,7.12,148.2,176.3,3.57
2026-07-06 14:37:18,11.91,6.79,150.0,184.8,3.39
2026-07-06 14:37:19,11.96,6.88,150.0,183.0,3.59
2026-07-06 14:37:20,12.1,6.81,149.8,184.6,3.37
2026-07-06 14:37:21,11.95,7.04,148.2,179.3,3.47
2026-07-06 14:37:22,11.88,7.0,150.7,179.9,3.54
2026-07-06 14:37:23,12.13,7.02,150.5,183.7,3.53
2026-07-06 14:37:24,11.9,6.83,150.6,184.6,3.48
2026-07-06 14:37:25,12.19,6.92,150.8,187.2,3.59
2026-07-06 14:37:26,12.11,7.07,149.4,184.7,3.5
2026-07-06 14:37:27,12.03,7.16,152.0,182.3,3.52
2026-07-06 14:37:28,11.82,7.16,147.7,175.8,3.49
2026-07-06 14:37:29,11.92,7.01,151.8,181.9,3.52
2026-07-06 14:37:30,12.13,7.06,150.7,185.8,3.52
2026-07-06 14:37:31,11.87,7.09,150.4,179.0,3.45
2026-07-06 14:37:32,11.99,7.08,149.6,182.0,3.48
2026-07-06 14:37:33,12.19,7.09,150.4,185.5,3.5
2026-07-06 14:37:34,12.15,6.92,149.0,185.7,3.54
2026-07-06 14:37:35,12.07,7.01,149.5,185.3,3.49
2026-07-06 14:37:36,12.21,6.96,151.4,186.1,3.51
2026-07-06 14:37:37,12.15,7.14,149.8,184.1,3.4
2026-07-06 14:37:38,12.09,6.89,151.4,186.5,3.47
2026-07-06 14:37:39,11.8,7.06,148.4,178.6,3.58
2026-07-06 14:37:40,11.86,7.15,149.8,178.4,3.56
2026-07-06 14:37:41,11.72,6.97,151.1,180.8,3.5
2026-07-06 14:37:42,12.11,7.06,148.8,181.1,3.46
2026-07-06 14:37:43,11.93,6.82,149.2,186.1,3.49
2026-07-06 14:37:44,11.72,7.03,148.3,174.9,3.51
2026-07-06 14:37:45,12.01,6.95,148.0,182.7,3.56
2026-07-06 14:37:46,11.86,7.03,149.0,180.0,3.54
2026-07-06 14:37:47,12.15,6.99,148.4,182.0,3.48
2026-07-06 14:37:48,12.27,7.03,148.5,188.4,3.48
2026-07-06 14:37:49,11.85,6.91,149.2,183.3,3.42
2026-07-06 14:37:50,12.09,6.9,148.8,185.1,3.46
2026-07-06 14:37:51,12.11,7.12,149.8,182.5,3.51
2026-07-06 14:37:52,11.99,6.97,151.9,184.8,3.61
2026-07-06 14:37:53,11.83,7.1,149.5,180.2,3.42
2026-07-06 14:37:54,11.94,7.06,148.8,180.4,3.61
2026-07-06 14:37:55,12.14,7.07,151.2,183.9,3.5
2026-07-06 14:37:56,12.06,7.05,151.8,182.0,3.58
2026-07-06 14:37:57,11.97,7.02,148.8,181.2,3.51
2026-07-06 14:37:58,12.44,6.97,151.3,191.5,3.59
2026-07-06 14:37:59,12.15,6.92,150.8,188.1,3.58
2026-07-06 14:38:00,12.2,6.91,151.9,186.8,3.54
2026-07-06 14:38:01,11.96,7.16,150.3,179.3,3.53
2026-07-06 14:38:02,12.31,6.98,148.1,186.7,3.52
2026-07-06 14:38:03,12.03,7.02,150.0,182.5,3.53
2026-07-06 14:38:04,12.05,7.15,150.9,181.5,3.46
2026-07-06 14:38:05,11.89,6.99,149.9,181.5,3.54
2026-07-06 14:38:06,11.87,7.02,150.5,182.1,3.55
2026-07-06 14:38:07,11.97,7.02,150.7,177.1,3.5
2026-07-06 14:38:08,11.86,7.22,148.5,172.3,3.5
2026-07-06 14:38:09,12.26,7.19,151.2,184.2,3.56
2026-07-06 14:38:10,11.75,7.15,149.4,176.6,3.53
2026-07-06 14:38:11,11.75,7.09,148.6,176.0,3.5
2026-07-06 14:38:12,12.17,7.11,150.6,184.6,3.51
2026-07-06 14:38:13,12.06,7.08,149.0,179.0,3.47
2026-07-06 14:38:14,11.92,6.93,151.3,181.5,3.45
2026-07-06 14:38:15,11.79,7.0,150.2,178.8,3.49
2026-07-06 14:38:16,12.14,6.83,148.2,185.3,3.47
2026-07-06 14:38:17,12.02,7.13,148.5,181.1,3.56
2026-07-06 14:38:18,12.1,6.78,148.6,186.0,3.5
2026-07-06 14:38:19,12.04,6.88,149.0,185.0,3.58
2026-07-06 14:38:20,11.98,6.92,150.7,186.6,3.52
2026-07-06 14:38:21,12.31,7.09,150.2,187.5,3.53
2026-07-06 14:38:22,12.29,6.89,146.6,187.5,3.5
2026-07-06 14:38:23,12.14,6.98,148.8,185.3,3.46
2026-07-06 14:38:24,11.84,7.09,149.7,177.6,3.46
2026-07-06 14:38:25,11.98,6.87,149.0,183.0,3.54
2026-07-06 14:38:26,12.11,6.98,149.0,184.1,3.56
2026-07-06 14:38:27,11.89,7.09,150.9,182.8,3.48
2026-07-06 14:38:28,11.84,7.07,150.4,178.0,3.51
2026-07-06 14:38:29,11.91,7.13,149.3,177.5,3.47
2026-07-06 14:38:30,12.09,6.88,149.2,186.2,3.48
2026-07-06 14:38:31,12.09,7.04,150.8,183.0,3.6
2026-07-06 14:38:32,12.1,6.84,148.3,183.1,3.47
2026-07-06 14:38:33,11.89,7.08,148.7,175.1,3.5
2026-07-06 14:38:34,12.15,7.07,150.9,185.3,3.51
2026-07-06 14:38:35,11.9,7.12,149.9,177.7,3.45
2026-07-06 14:38:36,11.69,7.12,147.6,171.4,3.35
2026-07-06 14:38:37,11.96,7.07,147.9,181.0,3.45
2026-07-06 14:38:38,12.08,7.12,150.9,184.0,3.53
2026-07-06 14:38:39,12.0,7.02,149.7,183.7,3.46
2026-07-06 14:38:40,12.07,6.87,149.3,185.3,3.56
2026-07-06 14:38:41,12.2,7.15,150.6,185.6,3.45
2026-07-06 14:38:42,11.99,6.86,149.5,183.2,3.5
2026-07-06 14:38:43,12.21,7.03,148.9,182.7,3.53
2026-07-06 14:38:44,12.17,6.89,152.4,190.2,3.51
2026-07-06 14:38:45,11.94,6.85,151.4,187.2,3.5
2026-07-06 14:38:46,12.08,6.97,149.0,185.5,3.5
2026-07-06 14:38:47,12.14,7.05,149.9,182.1,3.54
2026-07-06 14:38:48,12.06,6.99,148.9,185.2,3.38
2026-07-06 14:38:49,12.12,6.99,149.3,185.6,3.41
2026-07-06 14:38:50,12.09,7.1,150.1,183.9,3.5
2026-07-06 14:38:51,11.83,7.03,149.1,178.1,3.53
2026-07-06 14:38:52,11.82,7.01,151.8,181.9,3.51
2026-07-06 14:38:53,12.04,6.96,149.1,180.7,3.43
2026-07-06 14:38:54,11.83,7.03,151.0,178.7,3.43
2026-07-06 14:38:55,12.18,6.95,151.2,189.0,3.55
2026-07-06 14:38:56,12.06,6.99,150.7,184.7,3.42
2026-07-06 14:38:57,11.88,6.94,149.9,180.3,3.49
2026-07-06 14:38:58,12.29,7.09,149.4,184.3,3.56
2026-07-06 14:38:59,11.77,6.94,151.0,181.0,3.47
2026-07-06 14:39:00,12.06,7.07,150.0,181.4,3.53
2026-07-06 14:39:01,11.88,7.13,147.9,173.3,3.51
2026-07-06 14:39:02,11.68,6.94,149.2,178.0,3.5
2026-07-06 14:39:03,12.37,6.93,149.0,187.6,3.52
2026-07-06 14:39:04,12.11,6.85,150.2,189.2,3.44
2026-07-06 14:39:05,11.72,6.98,152.9,181.5,3.4
2026-07-06 14:39:06,11.98,7.1,149.9,180.6,3.52
2026-07-06 14:39:07,11.81,7.03,147.7,177.9,3.52
2026-07-06 14:39:08,12.14,7.03,150.4,183.6,3.5
2026-07-06 14:39:09,12.0,6.99,150.1,183.8,3.45
2026-07-06 14:39:10,12.11,7.17,150.6,180.0,3.57
2026-07-06 14:39:11,12.0,6.99,148.9,182.1,3.54
2026-07-06 14:39:12,12.04,7.08,151.5,182.5,3.43
2026-07-06 14:39:13,11.9,7.13,148.5,178.1,3.55
2026-07-06 14:39:14,12.04,6.98,149.5,180.6,3.5
2026-07-06 14:39:15,12.08,7.15,150.5,183.6,3.5
2026-07-06 14:39:16,12.0,7.2,149.5,178.1,3.44
2026-07-06 14:39:17,12.1,7.02,151.6,185.4,3.54
2026-07-06 14:39:18,11.98,6.97,149.8,183.1,3.47
2026-07-06 14:39:19,11.87,6.96,150.2,181.2,3.5
2026-07-06 14:39:20,12.01,7.1,150.3,183.0,3.52
2026-07-06 14:39:21,12.13,6.87,149.6,187.0,3.57
2026-07-06 14:39:22,12.01,6.94,151.9,182.6,3.48
2026-07-06 14:39:23,11.85,7.18,149.0,176.3,3.46
2026-07-06 14:39:24,11.54,6.94,149.3,177.2,3.43
2026-07-06 14:39:25,11.84,6.85,150.2,184.0,3.56
2026-07-06 14:39:26,11.86,6.97,148.7,178.3,3.43
2026-07-06 14:39:27,11.79,7.06,149.1,176.7,3.48
2026-07-06 14:39:28,12.06,6.99,151.6,184.9,3.52
2026-07-06 14:39:29,12.04,7.05,150.0,185.4,3.53
2026-07-06 14:39:30,11.82,6.96,149.6,175.9,3.43
2026-07-06 14:39:31,12.1,6.96,152.4,184.8,3.42
2026-07-06 14:39:32,11.95,6.99,147.9,183.4,3.53
2026-07-06 14:39:33,11.88,6.88,149.2,184.2,3.47
2026-07-06 14:39:34,12.25,7.05,150.7,187.1,3.48
2026-07-06 14:39:35,12.17,6.92,148.8,185.7,3.56
2026-07-06 14:39:36,12.16,6.95,148.9,184.1,3.56
2026-07-06 14:39:37,12.02,6.82,150.6,185.3,3.42
2026-07-06 14:39:38,12.11,6.89,150.1,187.7,3.48
2026-07-06 14:39:39,12.15,7.08,150.4,183.2,3.53
2026-07-06 14:39:40,11.9,7.03,149.9,182.4,3.49
2026-07-06 14:39:41,12.06,7.01,150.4,182.6,3.53
2026-07-06 14:39:42,12.11,6.88,149.9,188.1,3.46
2026-07-06 14:39:43,12.03,6.96,149.7,184.7,3.57
2026-07-06 14:39:44,12.07,7.03,150.5,185.2,3.46
2026-07-06 14:39:45,12.2,7.14,148.9,181.8,3.48
2026-07-06 14:39:46,12.01,6.95,149.3,182.3,3.46
2026-07-06 14:39:47,12.19,6.94,149.8,186.7,3.54
2026-07-06 14:39:48,12.04,6.94,150.1,180.5,3.53
2026-07-06 14:39:49,11.97,7.08,150.5,180.7,3.39
2026-07-06 14:39:50,11.99,6.94,151.8,185.3,3.49
2026-07-06 14:39:51,12.26,7.02,150.8,184.9,3.52
2026-07-06 14:39:52,11.74,6.82,150.3,183.8,3.49
2026-07-06 14:39:53,12.23,7.07,148.9,184.4,3.45
2026-07-06 14:39:54,11.81,7.09,150.0,176.3,3.51
2026-07-06 14:39:55,12.29,7.04,150.4,185.9,3.55
2026-07-06 14:39:56,11.87,7.01,148.8,181.7,3.51
2026-07-06 14:39:57,11.84,6.86,151.0,183.0,3.57
2026-07-06 14:39:58,11.83,6.95,150.0,181.3,3.59
2026-07-06 14:39:59,12.07,6.98,147.4,183.8,3.46
2026-07-06 14:40:00,11.92,6.95,150.0,182.3,3.58
2026-07-06 14:40:01,11.96,6.84,148.8,185.2,3.59
2026-07-06 14:40:02,12.0,7.15,149.1,177.3,3.54
2026-07-06 14:40:03,12.17,6.79,150.5,190.3,3.53
2026-07-06 14:40:04,11.93,6.77,150.2,185.8,3.48
2026-07-06 14:40:05,12.13,7.05,148.3,184.0,3.5
2026-07-06 14:40:06,12.02,7.04,148.8,178.1,3.49
2026-07-06 14:40:07,11.82,6.98,154.2,182.5,3.45
2026-07-06 14:40:08,11.97,7.05,151.1,181.6,3.54
2026-07-06 14:40:09,12.12,6.99,151.9,186.9,3.43
2026-07-06 14:40:10,11.56,7.06,151.9,178.0,3.49
2026-07-06 14:40:11,12.01,6.84,150.9,189.3,3.45
2026-07-06 14:40:12,11.97,7.21,150.5,179.5,3.53
2026-07-06 14:40:13,11.93,6.94,148.8,182.2,3.58
2026-07-06 14:40:14,11.9,7.01,151.3,180.4,3.53
2026-07-06 14:40:15,11.8,6.99,149.7,181.2,3.47
2026-07-06 14:40:16,12.06,6.85,147.5,185.3,3.5
2026-07-06 14:40:17,12.32,7.15,150.3,185.5,3.51
2026-07-06 14:40:18,11.94,6.99,150.4,182.2,3.48
2026-07-06 14:40:19,12.09,7.01,151.8,183.1,3.54
2026-07-06 14:40:20,12.01,6.97,149.2,183.9,3.49
2026-07-06 14:40:21,12.09,7.13,148.5,176.8,3.42
2026-07-06 14:40:22,12.1,6.94,150.9,186.8,3.49
2026-07-06 14:40:23,11.86,7.06,151.0,181.4,3.51
2026-07-06 14:40:24,11.71,7.03,149.2,175.8,3.41
2026-07-06 14:40:25,12.35,6.85,149.9,191.2,3.53
2026-07-06 14:40:26,11.75,7.01,149.3,178.1,3.58
2026-07-06 14:40:27,12.1,7.05,148.5,181.1,3.44
2026-07-06 14:40:28,12.0,6.97,150.6,182.8,3.56
2026-07-06 14:40:29,12.11,6.92,149.6,185.5,3.38
2026-07-06 14:40:30,11.98,6.88,151.6,186.3,3.47
2026-07-06 14:40:31,11.98,6.96,150.9,183.7,3.48
2026-07-06 14:40:32,11.75,6.86,149.7,180.6,3.48
2026-07-06 14:40:33,12.06,6.99,149.7,184.0,3.48
2026-07-06 14:40:34,11.82,7.1,151.2,178.2,3.47
2026-07-06 14:40:35,11.94,6.87,149.8,182.0,3.44
2026-07-06 14:40:36,11.95,7.07,149.9,177.5,3.48
2026-07-06 14:40:37,12.18,6.98,151.6,187.8,3.54
2026-07-06 14:40:38,12.08,6.93,147.7,183.2,3.46
2026-07-06 14:40:39,12.11,6.72,151.1,190.1,3.55
2026-07-06 14:40:40,12.0,7.09,149.7,179.8,3.62
2026-07-06 14:40:41,11.99,6.81,150.8,186.4,3.45
2026-07-06 14:40:42,11.98,7.14,150.4,179.4,3.55
2026-07-06 14:40:43,11.99,7.05,149.7,182.1,3.53
2026-07-06 14:40:44,12.02,6.98,150.7,182.5,3.52
2026-07-06 14:40:45,11.95,7.14,150.4,181.1,3.45
2026-07-06 14:40:46,12.02,6.98,148.0,180.7,3.49
2026-07-06 14:40:47,11.86,7.05,149.0,177.6,3.49
2026-07-06 14:40:48,12.02,6.92,148.2,181.8,3.49
2026-07-06 14:40:49,12.01,7.0,150.5,182.1,3.62
2026-07-06 14:40:50,12.18,7.04,150.7,184.9,3.56
2026-07-06 14:40:51,12.29,6.85,151.2,190.5,3.49
2026-07-06 14:40:52,12.04,7.01,148.8,184.5,3.5
2026-07-06 14:40:53,12.19,6.97,148.9,183.9,3.47
2026-07-06 14:40:54,12.03,6.89,149.0,184.0,3.58
2026-07-06 14:40:55,11.95,6.9,148.2,184.2,3.54
2026-07-06 14:40:56,12.13,6.85,149.5,186.1,3.4
2026-07-06 14:40:57,12.06,6.99,151.6,184.4,3.49
2026-07-06 14:40:58,11.96,6.94,149.0,184.7,3.44
2026-07-06 14:40:59,11.93,7.02,150.8,182.4,3.49
2026-07-06 14:41:00,12.02,7.12,149.3,180.0,3.49
2026-07-06 14:41:01,12.06,6.71,150.9,189.3,3.56
2026-07-06 14:41:02,11.89,6.88,150.2,179.8,3.52
2026-07-06 14:41:03,12.05,6.91,151.0,186.6,3.48
2026-07-06 14:41:04,11.91,6.89,149.1,180.5,3.48
2026-07-06 14:41:05,12.27,7.13,150.1,181.8,3.59
2026-07-06 14:41:06,11.85,7.02,149.5,180.3,3.48
2026-07-06 14:41:07,11.92,7.13,151.0,180.8,3.48
2026-07-06 14:41:08,11.87,7.18,148.4,174.2,3.57
2026-07-06 14:41:09,11.99,6.87,152.5,184.6,3.46
2026-07-06 14:41:10,11.83,6.97,149.1,179.6,3.47
2026-07-06 14:41:11,12.16,6.84,150.7,189.5,3.46
2026-07-06 14:41:12,12.03,6.93,150.6,186.8,3.54
2026-07-06 14:41:13,11.9,7.11,150.5,179.9,3.45
2026-07-06 14:41:14,11.96,7.21,150.2,177.8,3.52
2026-07-06 14:41:15,11.83,7.05,149.2,178.5,3.55
2026-07-06 14:41:16,11.99,6.91,149.9,183.8,3.46
2026-07-06 14:41:17,12.25,6.88,148.4,186.9,3.42
2026-07-06 14:41:18,11.95,7.09,149.5,179.4,3.5
2026-07-06 14:41:19,11.79,7.07,150.3,178.0,3.5
2026-07-06 14:41:20,12.2,6.99,150.3,186.3,3.53
2026-07-06 14:41:21,11.89,6.9,147.9,181.7,3.5
2026-07-06 14:41:22,12.15,6.91,148.3,184.6,3.48
2026-07-06 14:41:23,12.03,6.86,151.0,185.0,3.54
2026-07-06 14:41:24,12.14,7.04,148.9,183.6,3.52
2026-07-06 14:41:25,12.26,6.91,150.8,189.9,3.55
2026-07-06 14:41:26,12.11,7.11,149.4,183.7,3.5
2026-07-06 14:41:27,11.96,7.12,149.8,181.2,3.5
2026-07-06 14:41:28,11.93,6.96,147.5,179.7,3.61
2026-07-06 14:41:29,11.94,6.98,150.6,182.3,3.49
2026-07-06 14:41:30,11.98,7.05,149.9,179.7,3.52
2026-07-06 14:41:31,11.9,6.96,151.7,183.1,3.51
2026-07-06 14:41:32,12.25,6.96,151.2,191.0,3.4
2026-07-06 14:41:33,11.81,7.14,151.1,178.9,3.56
2026-07-06 14:41:34,11.81,7.18,147.9,175.9,3.48
2026-07-06 14:41:35,12.21,6.95,148.3,186.6,3.47
2026-07-06 14:41:36,11.72,7.08,150.2,174.1,3.54
2026-07-06 14:41:37,11.77,6.85,149.9,180.6,3.48
2026-07-06 14:41:38,12.06,6.84,149.2,183.3,3.44
2026-07-06 14:41:39,11.95,7.1,149.1,178.0,3.46
2026-07-06 14:41:40,11.9,7.0,149.8,179.2,3.5
2026-07-06 14:41:41,11.99,6.87,149.7,183.9,3.52
2026-07-06 14:41:42,11.73,7.11,151.8,177.8,3.47
2026-07-06 14:41:43,12.23,6.92,149.6,188.3,3.53
2026-07-06 14:41:44,12.26,6.79,147.3,186.1,3.51
2026-07-06 14:41:45,12.12,6.84,148.9,186.6,3.48
2026-07-06 14:41:46,12.06,7.14,147.7,179.1,3.44
2026-07-06 14:41:47,12.03,6.98,151.7,183.8,3.5
2026-07-06 14:41:48,12.06,7.0,149.5,185.3,3.51
2026-07-06 14:41:49,11.85,7.07,150.6,181.4,3.47
2026-07-06 14:41:50,11.89,7.02,149.5,184.4,3.54
2026-07-06 14:41:51,12.1,7.05,149.1,182.5,3.51
2026-07-06 14:41:52,12.24,7.07,146.9,181.7,3.43
2026-07-06 14:41:53,11.99,7.06,150.1,181.9,3.53
2026-07-06 14:41:54,12.07,6.86,150.9,187.0,3.48
2026-07-06 14:41:55,11.74,7.01,151.4,179.7,3.57
2026-07-06 14:41:56,11.98,6.87,151.0,187.1,3.54
2026-07-06 14:41:57,12.21,6.93,150.6,188.5,3.57
2026-07-06 14:41:58,11.77,7.09,149.9,178.1,3.4
2026-07-06 14:41:59,12.03,7.04,150.0,184.1,3.52
2026-07-06 14:42:00,12.08,7.02,150.8,187.1,3.48
2026-07-06 14:42:01,11.98,7.06,150.3,180.0,3.49
2026-07-06 14:42:02,11.93,6.89,149.0,185.5,3.54
2026-07-06 14:42:03,12.05,7.02,151.9,183.0,3.53
2026-07-06 14:42:04,11.98,6.9,149.5,181.6,3.49
2026-07-06 14:42:05,12.06,7.11,149.6,181.5,3.49
2026-07-06 14:42:06,12.25,7.21,148.9,181.6,3.5
2026-07-06 14:42:07,12.06,6.96,150.7,182.7,3.51
2026-07-06 14:42:08,11.99,7.09,150.7,180.5,3.45
2026-07-06 14:42:09,11.84,7.02,149.9,180.2,3.58
2026-07-06 14:42:10,11.85,7.15,149.5,178.6,3.43
2026-07-06 14:42:11,12.1,7.24,150.4,179.4,3.55
2026-07-06 14:42:12,12.03,7.08,150.0,181.3,3.57
2026-07-06 14:42:13,12.01,7.17,151.0,180.3,3.49
2026-07-06 14:42:14,12.08,6.99,148.0,181.4,3.45
2026-07-06 14:42:15,12.11,6.94,149.5,184.0,3.51
2026-07-06 14:42:16,12.1,7.0,150.0,183.1,3.48
2026-07-06 14:42:17,12.12,6.86,151.0,188.7,3.47
2026-07-06 14:42:18,12.07,6.86,149.5,183.1,3.47
2026-07-06 14:42:19,11.92,6.92,147.6,181.6,3.48
2026-07-06 14:42:20,11.91,7.14,149.1,178.1,3.51
2026-07-06 14:42:21,12.2,6.87,150.0,188.1,3.54
2026-07-06 14:42:22,11.94,6.85,153.4,187.4,3.44
2026-07-06 14:42:23,12.14,6.98,150.4,182.8,3.47
2026-07-06 14:42:24,12.06,6.99,148.7,182.8,3.54
2026-07-06 14:42:25,12.06,7.15,149.0,180.7,3.41
2026-07-06 14:42:26,12.18,6.95,148.4,185.1,3.53
2026-07-06 14:42:27,11.86,7.11,149.8,180.5,3.45
2026-07-06 14:42:28,12.02,7.05,148.6,181.8,3.48
2026-07-06 14:42:29,12.06,6.94,151.2,187.3,3.5
2026-07-06 14:42:30,12.19,6.89,151.1,187.7,3.42
2026-07-06 14:42:31,11.97,6.88,149.8,182.6,3.42
2026-07-06 14:42:32,12.11,7.01,149.7,184.8,3.58
2026-07-06 14:42:33,12.07,6.97,149.7,184.0,3.56
2026-07-06 14:42:34,11.94,6.79,150.2,187.2,3.51
2026-07-06 14:42:35,11.97,6.93,147.3,181.4,3.46
2026-07-06 14:42:36,11.84,7.1,150.7,179.5,3.48
2026-07-06 14:42:37,11.97,7.06,149.4,181.1,3.49
2026-07-06 14:42:38,12.11,7.09,149.5,182.1,3.49
2026-07-06 14:42:39,11.98,6.81,150.6,184.9,3.48
2026-07-06 14:42:40,12.07,7.13,149.5,182.2,3.5
2026-07-06 14:42:41,11.87,7.22,150.1,175.1,3.46
2026-07-06 14:42:42,11.67,7.18,152.7,175.0,3.46
2026-07-06 14:42:43,11.85,7.04,153.0,180.5,3.52
2026-07-06 14:42:44,12.06,7.06,151.6,181.6,3.46
2026-07-06 14:42:45,11.98,6.91,148.1,182.4,3.46
2026-07-06 14:42:46,12.0,7.04,148.9,180.8,3.51
2026-07-06 14:42:47,11.78,7.04,150.7,177.4,3.42
2026-07-06 14:42:48,12.04,7.06,148.0,180.2,3.45
2026-07-06 14:42:49,12.05,7.03,149.9,179.5,3.45
2026-07-06 14:42:50,12.22,6.8,149.8,191.0,3.45
2026-07-06 14:42:51,11.83,7.2,152.9,176.8,3.48
2026-07-06 14:42:52,12.0,6.76,148.8,186.3,3.45
2026-07-06 14:42:53,11.87,6.95,148.8,180.4,3.46
2026-07-06 14:42:54,12.06,7.1,149.7,182.9,3.5
2026-07-06 14:42:55,11.7,6.93,150.5,178.3,3.5
2026-07-06 14:42:56,12.28,6.88,151.2,190.5,3.59
2026-07-06 14:42:57,12.06,6.88,148.5,186.9,3.39
2026-07-06 14:42:58,12.01,6.99,150.5,183.4,3.49
2026-07-06 14:42:59,11.83,7.09,150.9,179.5,3.38
2026-07-06 14:43:00,12.01,6.96,149.8,185.1,3.5
2026-07-06 14:43:01,11.94,7.01,149.0,180.2,3.54
2026-07-06 14:43:02,11.98,7.01,149.5,182.6,3.47
2026-07-06 14:43:03,11.98,6.79,151.0,183.8,3.48
2026-07-06 14:43:04,11.72,7.06,151.0,178.4,3.44
2026-07-06 14:43:05,12.03,6.92,150.2,184.7,3.59
2026-07-06 14:43:06,11.97,7.02,149.8,181.7,3.47
2026-07-06 14:43:07,12.08,7.09,150.4,181.9,3.47
2026-07-06 14:43:08,12.19,7.2,151.1,181.0,3.52
2026-07-06 14:43:09,11.79,7.13,150.0,179.1,3.51
2026-07-06 14:43:10,12.05,6.79,148.2,186.5,3.45
2026-07-06 14:43:11,12.06,7.09,150.1,181.8,3.43
2026-07-06 14:43:12,12.21,7.01,149.1,187.7,3.48
2026-07-06 14:43:13,12.11,7.03,150.5,181.9,3.53
2026-07-06 14:43:14,12.19,6.93,147.5,187.0,3.58
2026-07-06 14:43:15,11.9,7.11,150.2,179.9,3.55
2026-07-06 14:43:16,12.12,6.96,150.2,184.5,3.44
2026-07-06 14:43:17,12.07,7.01,150.8,181.5,3.5
2026-07-06 14:43:18,11.79,7.1,150.2,176.0,3.51
2026-07-06 14:43:19,12.11,6.99,151.5,184.5,3.57
2026-07-06 14:43:20,12.27,6.98,147.4,185.9,3.46
2026-07-06 14:43:21,11.75,6.99,148.0,175.7,3.51
2026-07-06 14:43:22,11.88,7.18,149.3,177.1,3.49
2026-07-06 14:43:23,11.97,7.12,150.5,179.1,3.52
2026-07-06 14:43:24,11.92,7.18,151.4,178.5,3.65
2026-07-06 14:43:25,11.84,7.02,151.6,182.4,3.5
2026-07-06 14:43:26,12.05,7.09,150.4,183.2,3.54
2026-07-06 14:43:27,11.95,6.94,149.5,181.9,3.53
2026-07-06 14:43:28,11.9,7.08,149.1,178.7,3.47
2026-07-06 14:43:29,12.13,7.12,150.5,184.7,3.55
2026-07-06 14:43:30,12.0,6.87,151.0,186.5,3.43
2026-07-06 14:43:31,11.91,7.08,150.3,180.5,3.45
2026-07-06 14:43:32,12.09,7.1,150.1,182.0,3.51
2026-07-06 14:43:33,11.89,6.89,150.1,182.3,3.42
2026-07-06 14:43:34,11.85,6.88,149.8,181.4,3.55
2026-07-06 14:43:35,12.05,6.99,149.8,184.2,3.5
2026-07-06 14:43:36,11.9,6.92,149.0,183.6,3.49
2026-07-06 14:43:37,11.91,6.98,150.5,182.1,3.41
2026-07-06 14:43:38,11.9,7.04,149.4,180.4,3.52
2026-07-06 14:43:39,12.01,6.88,150.1,184.8,3.46
2026-07-06 14:43:40,12.02,7.02,150.3,181.3,3.51
2026-07-06 14:43:41,11.73,6.98,148.6,175.8,3.52
2026-07-06 14:43:42,11.91,6.74,149.9,186.1,3.55
2026-07-06 14:43:43,11.85,7.06,148.7,177.1,3.49
2026-07-06 14:43:44,11.99,7.0,149.8,181.9,3.53
2026-07-06 14:43:45,11.72,7.15,152.5,177.0,3.54
2026-07-06 14:43:46,11.93,7.05,148.6,181.3,3.51
2026-07-06 14:43:47,11.62,7.01,150.6,176.9,3.61
2026-07-06 14:43:48,12.07,6.86,148.5,185.4,3.52
2026-07-06 14:43:49,12.07,6.96,150.2,182.9,3.52
2026-07-06 14:43:50,11.76,6.9,149.3,178.4,3.48
2026-07-06 14:43:51,11.66,6.98,153.0,178.2,3.52
2026-07-06 14:43:52,11.97,7.17,150.8,179.8,3.53
2026-07-06 14:43:53,11.97,7.18,150.2,179.8,3.49
2026-07-06 14:43:54,12.03,7.0,151.0,183.8,3.46
2026-07-06 14:43:55,12.12,7.04,150.6,184.4,3.56
2026-07-06 14:43:56,12.03,7.05,151.0,185.5,3.54
2026-07-06 14:43:57,11.86,7.1,150.2,176.3,3.54
2026-07-06 14:43:58,12.05,7.07,148.9,181.6,3.46
2026-07-06 14:43:59,11.89,7.14,151.8,180.9,3.46
2026-07-06 14:44:00,12.22,7.01,151.0,186.1,3.5
2026-07-06 14:44:01,12.16,7.04,149.7,187.0,3.52
2026-07-06 14:44:02,11.82,7.08,150.7,177.7,3.52
2026-07-06 14:44:03,12.06,7.18,146.7,181.8,3.55
2026-07-06 14:44:04,11.8,6.92,149.8,181.0,3.59
2026-07-06 14:44:05,12.05,6.96,151.1,184.6,3.56
2026-07-06 14:44:06,12.13,6.97,150.3,186.0,3.53
2026-07-06 14:44:07,12.21,7.09,150.7,183.9,3.42
2026-07-06 14:44:08,12.16,7.09,150.2,185.8,3.48
2026-07-06 14:44:09,11.85,7.1,150.1,178.7,3.47
2026-07-06 14:44:10,12.18,6.93,151.5,189.1,3.39
2026-07-06 14:44:11,11.99,6.99,150.7,182.5,3.45
2026-07-06 14:44:12,12.27,7.13,150.1,186.4,3.57
2026-07-06 14:44:13,12.28,6.92,149.5,188.3,3.5
2026-07-06 14:44:14,11.96,6.95,149.9,181.0,3.46
2026-07-06 14:44:15,11.88,6.98,148.7,179.7,3.57
2026-07-06 14:44:16,12.18,7.03,149.5,184.3,3.61
2026-07-06 14:44:17,12.06,7.05,148.7,181.6,3.51
2026-07-06 14:44:18,11.95,7.15,148.3,176.7,3.52
2026-07-06 14:44:19,12.01,7.08,148.5,181.1,3.47
2026-07-06 14:44:20,12.0,6.96,148.6,180.6,3.49
2026-07-06 14:44:21,12.05,7.05,151.3,181.9,3.48
2026-07-06 14:44:22,11.94,6.96,151.4,185.2,3.46
2026-07-06 14:44:23,12.18,6.93,149.8,184.5,3.56
2026-07-06 14:44:24,11.8,7.08,149.9,177.4,3.57
2026-07-06 14:44:25,12.15,7.07,151.4,184.6,3.52
2026-07-06 14:44:26,11.95,7.11,150.9,180.2,3.44
2026-07-06 14:44:27,12.11,7.08,147.2,179.3,3.48
2026-07-06 14:44:28,11.93,7.07,149.4,179.2,3.45
2026-07-06 14:44:29,12.23,7.15,150.0,182.6,3.55
2026-07-06 14:44:30,11.99,7.1,150.3,184.1,3.49
2026-07-06 14:44:31,12.23,7.12,149.8,185.5,3.55
2026-07-06 14:44:32,12.08,6.84,150.8,188.6,3.45
2026-07-06 14:44:33,12.11,6.95,148.4,185.5,3.5
2026-07-06 14:44:34,11.94,6.84,150.6,181.8,3.53
2026-07-06 14:44:35,11.96,7.01,148.6,181.3,3.54
2026-07-06 14:44:36,11.88,6.88,151.1,182.6,3.47
2026-07-06 14:44:37,12.28,7.05,151.9,188.4,3.43
2026-07-06 14:44:38,11.8,6.95,151.8,182.3,3.56
2026-07-06 14:44:39,12.1,6.96,150.6,183.5,3.52
2026-07-06 14:44:40,12.02,7.05,150.5,182.8,3.42
2026-07-06 14:44:41,11.85,7.15,150.4,176.7,3.49
2026-07-06 14:44:42,12.02,6.95,147.3,182.2,3.51
2026-07-06 14:44:43,12.05,6.87,149.5,182.6,3.57
2026-07-06 14:44:44,11.81,6.89,149.6,183.6,3.56
2026-07-06 14:44:45,12.18,7.21,150.4,181.5,3.42
2026-07-06 14:44:46,12.13,7.04,150.7,184.2,3.5
2026-07-06 14:44:47,12.01,7.02,148.4,181.7,3.44
2026-07-06 14:44:48,12.14,7.29,150.2,178.8,3.46
2026-07-06 14:44:49,11.9,6.92,149.8,181.5,3.54
2026-07-06 14:44:50,11.91,6.99,149.9,179.4,3.46
2026-07-06 14:44:51,11.87,6.97,150.3,183.9,3.42
2026-07-06 14:44:52,11.84,6.88,152.2,181.8,3.49
2026-07-06 14:44:53,12.15,6.95,147.7,184.3,3.49
2026-07-06 14:44:54,11.97,6.95,151.6,183.5,3.54
2026-07-06 14:44:55,12.02,7.1,149.1,180.5,3.54
2026-07-06 14:44:56,12.22,6.91,151.1,187.8,3.54
2026-07-06 14:44:57,11.87,6.83,151.0,182.3,3.46
2026-07-06 14:44:58,12.24,7.01,149.7,185.3,3.5
2026-07-06 14:44:59,11.59,6.98,149.8,175.2,3.56
2026-07-06 14:45:00,11.91,7.18,151.9,177.3,3.51
2026-07-06 14:45:01,11.81,6.91,151.2,182.1,3.51
2026-07-06 14:45:02,12.06,7.0,149.8,182.7,3.51
2026-07-06 14:45:03,12.26,7.12,148.9,183.0,3.54
2026-07-06 14:45:04,12.3,7.02,149.9,187.6,3.49
2026-07-06 14:45:05,12.13,6.98,149.1,184.8,3.55
2026-07-06 14:45:06,12.03,6.92,151.4,184.0,3.59
2026-07-06 14:45:07,12.1,7.03,150.7,187.3,3.57
2026-07-06 14:45:08,11.86,6.91,148.6,182.2,3.4
2026-07-06 14:45:09,11.88,6.99,149.8,181.5,3.54
2026-07-06 14:45:10,12.08,6.8,149.4,185.3,3.6
2026-07-06 14:45:11,12.2,7.02,150.3,185.8,3.66
2026-07-06 14:45:12,11.97,7.06,150.0,182.9,3.5
2026-07-06 14:45:13,11.99,7.03,149.0,181.7,3.56
2026-07-06 14:45:14,11.58,7.08,150.6,176.4,3.54
2026-07-06 14:45:15,12.0,6.75,149.0,184.8,3.57
2026-07-06 14:45:16,12.0,6.99,150.9,182.6,3.5
2026-07-06 14:45:17,12.1,6.99,149.5,184.5,3.53
2026-07-06 14:45:18,11.98,6.98,150.0,180.2,3.6
2026-07-06 14:45:19,11.93,6.87,151.5,184.9,3.39
2026-07-06 14:45:20,12.11,7.03,149.2,185.6,3.56
2026-07-06 14:45:21,12.09,7.07,148.9,182.1,3.46
2026-07-06 14:45:22,11.78,7.11,150.6,178.2,3.47
2026-07-06 14:45:23,11.98,7.03,149.9,182.5,3.49
2026-07-06 14:45:24,12.04,6.94,151.1,189.0,3.53
2026-07-06 14:45:25,11.68,6.85,150.3,179.2,3.45
2026-07-06 14:45:26,11.83,7.05,149.7,178.7,3.46
2026-07-06 14:45:27,12.19,7.0,146.9,183.7,3.58
2026-07-06 14:45:28,12.07,6.84,150.0,186.6,3.46
2026-07-06 14:45:29,12.12,6.98,148.2,183.4,3.49
2026-07-06 14:45:30,11.92,7.01,150.3,177.8,3.43
2026-07-06 14:45:31,11.83,6.87,151.9,182.9,3.53
2026-07-06 14:45:32,11.91,7.06,149.4,178.9,3.44
2026-07-06 14:45:33,11.91,7.0,151.0,179.3,3.55
2026-07-06 14:45:34,12.06,7.01,149.3,184.7,3.43
2026-07-06 14:45:35,12.09,6.93,149.2,182.5,3.49
2026-07-06 14:45:36,12.28,6.9,147.6,187.2,3.55
2026-07-06 14:45:37,11.95,6.98,149.8,184.3,3.5
2026-07-06 14:45:38,12.02,7.01,148.5,183.0,3.41
2026-07-06 14:45:39,11.88,7.18,150.1,176.6,3.56
2026-07-06 14:45:40,12.1,7.02,150.0,183.7,3.51
2026-07-06 14:45:41,12.08,7.0,150.2,184.2,3.5
2026-07-06 14:45:42,11.96,6.86,151.4,182.2,3.46
2026-07-06 14:45:43,12.0,6.91,149.6,186.0,3.51
2026-07-06 14:45:44,12.11,7.03,152.3,187.8,3.47
2026-07-06 14:45:45,12.41,6.73,149.2,195.0,3.47
2026-07-06 14:45:46,11.74,7.06,149.0,176.9,3.37
2026-07-06 14:45:47,11.93,7.15,150.5,180.6,3.57
2026-07-06 14:45:48,11.92,7.01,152.8,182.3,3.52
2026-07-06 14:45:49,12.24,6.99,149.5,185.6,3.51
2026-07-06 14:45:50,12.06,6.98,150.3,185.2,3.47
2026-07-06 14:45:51,11.95,7.11,151.9,180.7,3.47
2026-07-06 14:45:52,12.12,6.87,149.5,188.2,3.49
2026-07-06 14:45:53,12.12,7.09,149.7,184.8,3.47
2026-07-06 14:45:54,11.95,6.93,150.9,182.5,3.48
2026-07-06 14:45:55,11.89,6.9,149.2,180.4,3.54
2026-07-06 14:45:56,11.77,7.03,150.3,178.1,3.52
2026-07-06 14:45:57,11.86,7.11,148.6,176.3,3.5
2026-07-06 14:45:58,11.89,7.01,149.1,179.3,3.47
2026-07-06 14:45:59,11.86,7.09,151.7,182.1,3.54
2026-07-06 14:46:00,12.17,6.99,149.9,185.6,3.49
2026-07-06 14:46:01,11.82,6.93,154.0,181.8,3.52
2026-07-06 14:46:02,11.94,6.96,148.8,182.8,3.56
2026-07-06 14:46:03,12.06,6.91,150.6,183.0,3.39
2026-07-06 14:46:04,11.87,7.13,149.9,177.3,3.45
2026-07-06 14:46:05,11.85,7.01,151.7,182.1,3.47
2026-07-06 14:46:06,12.33,6.9,149.1,190.6,3.46
2026-07-06 14:46:07,11.73,7.03,150.9,179.3,3.58
2026-07-06 14:46:08,12.0,6.94,152.6,185.0,3.47
2026-07-06 14:46:09,12.19,6.91,149.7,188.2,3.54
2026-07-06 14:46:10,11.84,7.03,148.4,178.0,3.52
2026-07-06 14:46:11,11.92,6.88,151.4,186.4,3.56
2026-07-06 14:46:12,12.04,6.96,151.8,185.5,3.64
2026-07-06 14:46:13,11.92,6.82,149.5,184.8,3.47
2026-07-06 14:46:14,11.89,7.09,152.1,182.1,3.53
2026-07-06 14:46:15,11.88,7.1,149.1,181.3,3.48
2026-07-06 14:46:16,11.8,6.9,149.0,180.2,3.48
2026-07-06 14:46:17,12.01,7.05,152.1,181.7,3.54
2026-07-06 14:46:18,12.17,7.0,150.9,183.0,3.49
2026-07-06 14:46:19,12.04,6.99,150.5,183.6,3.55
2026-07-06 14:46:20,12.12,6.81,147.4,187.1,3.56
2026-07-06 14:46:21,12.22,6.98,152.5,188.0,3.57
2026-07-06 14:46:22,12.02,7.07,150.3,180.2,3.34
2026-07-06 14:46:23,11.78,7.07,150.4,177.4,3.49
2026-07-06 14:46:24,11.74,7.08,151.0,178.7,3.58
2026-07-06 14:46:25,12.08,6.96,150.5,182.7,3.44
2026-07-06 14:46:26,12.0,6.92,151.8,185.1,3.48
2026-07-06 14:46:27,12.15,7.08,149.5,183.0,3.55
2026-07-06 14:46:28,11.93,6.83,148.5,182.3,3.48
2026-07-06 14:46:29,12.13,7.02,150.7,184.2,3.54
2026-07-06 14:46:30,11.89,6.94,149.3,183.7,3.44
2026-07-06 14:46:31,12.07,7.24,149.5,181.0,3.47
2026-07-06 14:46:32,11.92,7.19,148.8,177.4,3.53
2026-07-06 14:46:33,12.18,7.04,150.0,183.0,3.51
2026-07-06 14:46:34,12.21,6.83,150.3,189.7,3.53
2026-07-06 14:46:35,12.1,6.96,147.1,184.2,3.51
2026-07-06 14:46:36,11.88,6.82,150.9,183.3,3.48
2026-07-06 14:46:37,12.19,6.97,149.8,186.3,3.54
2026-07-06 14:46:38,11.84,6.9,150.2,181.1,3.48
2026-07-06 14:46:39,12.29,6.9,149.8,190.1,3.61
2026-07-06 14:46:40,11.92,7.11,151.0,180.3,3.55
2026-07-06 14:46:41,11.64,6.97,148.1,174.8,3.57
2026-07-06 14:46:42,11.97,6.92,149.5,183.8,3.59
2026-07-06 14:46:43,11.95,6.96,151.9,183.9,3.47
2026-07-06 14:46:44,12.05,6.99,149.8,182.8,3.61
2026-07-06 14:46:45,12.21,7.09,151.4,185.0,3.49
2026-07-06 14:46:46,11.91,6.92,152.1,183.7,3.51
2026-07-06 14:46:47,12.16,6.89,150.3,185.5,3.5
2026-07-06 14:46:48,12.13,6.99,149.6,183.7,3.54
2026-07-06 14:46:49,12.08,7.03,150.1,183.5,3.49
2026-07-06 14:46:50,11.78,6.96,151.8,181.3,3.4
2026-07-06 14:46:51,11.87,7.14,149.4,176.0,3.48
2026-07-06 14:46:52,12.0,7.0,149.9,181.4,3.52
2026-07-06 14:46:53,11.9,7.1,150.6,177.2,3.59
2026-07-06 14:46:54,12.05,6.99,150.7,183.1,3.5
2026-07-06 14:46:55,12.23,7.03,152.5,186.0,3.48
2026-07-06 14:46:56,12.14,6.83,148.8,185.5,3.42
2026-07-06 14:46:57,12.05,6.99,149.7,185.9,3.38
2026-07-06 14:46:58,11.96,7.12,150.6,180.7,3.51
2026-07-06 14:46:59,11.92,6.94,152.7,183.2,3.48
2026-07-06 14:47:00,12.2,6.8,150.0,190.4,3.59
2026-07-06 14:47:01,12.04,7.16,151.4,178.0,3.5
2026-07-06 14:47:02,12.09,7.06,150.7,182.7,3.53
2026-07-06 14:47:03,12.19,7.03,148.4,184.2,3.39
2026-07-06 14:47:04,11.9,6.93,149.3,181.3,3.59
2026-07-06 14:47:05,11.97,6.87,150.3,184.5,3.49
2026-07-06 14:47:06,11.95,7.23,149.6,174.6,3.48
2026-07-06 14:47:07,12.19,6.89,149.2,185.4,3.44
2026-07-06 14:47:08,11.81,6.92,150.8,179.7,3.48
2026-07-06 14:47:09,11.76,7.02,147.0,177.0,3.45
2026-07-06 14:47:10,12.04,6.86,149.3,185.8,3.55
2026-07-06 14:47:11,11.99,7.16,147.5,177.4,3.5
2026-07-06 14:47:12,11.86,6.93,151.6,180.5,3.54
2026-07-06 14:47:13,12.08,6.98,147.5,182.4,3.43
2026-07-06 14:47:14,11.93,7.03,151.2,182.8,3.48
2026-07-06 14:47:15,12.19,6.91,150.1,185.9,3.54
2026-07-06 14:47:16,12.32,7.13,148.4,185.8,3.59
2026-07-06 14:47:17,12.04,7.11,149.0,180.8,3.49
2026-07-06 14:47:18,12.03,6.85,150.7,185.2,3.44
2026-07-06 14:47:19,11.92,7.05,150.3,179.8,3.52
2026-07-06 14:47:20,12.03,6.98,150.8,183.1,3.49
2026-07-06 14:47:21,11.96,6.89,149.7,185.6,3.44
2026-07-06 14:47:22,12.09,7.03,148.9,183.3,3.49
2026-07-06 14:47:23,12.33,7.03,148.3,187.0,3.56
2026-07-06 14:47:24,11.86,6.91,150.4,181.6,3.57
2026-07-06 14:47:25,12.05,7.22,150.7,181.4,3.43
2026-07-06 14:47:26,12.14,7.12,150.3,182.4,3.56
2026-07-06 14:47:27,12.0,6.91,150.2,183.8,3.41
2026-07-06 14:47:28,12.05,6.94,150.6,185.3,3.42
2026-07-06 14:47:29,12.15,6.95,150.9,184.7,3.6
2026-07-06 14:47:30,12.05,7.11,148.4,180.0,3.48
2026-07-06 14:47:31,11.89,7.09,150.2,179.6,3.52
2026-07-06 14:47:32,12.09,6.93,148.5,185.0,3.46
2026-07-06 14:47:33,12.16,7.05,149.8,185.7,3.46
2026-07-06 14:47:34,12.18,6.78,149.5,190.1,3.55
2026-07-06 14:47:35,11.96,7.12,150.6,180.0,3.5
2026-07-06 14:47:36,12.08,7.32,150.7,179.2,3.52
2026-07-06 14:47:37,11.92,6.96,150.3,181.7,3.49
2026-07-06 14:47:38,11.92,7.03,150.1,181.4,3.5
2026-07-06 14:47:39,11.84,7.06,151.3,179.5,3.62
2026-07-06 14:47:40,11.93,7.04,149.5,179.5,3.49
2026-07-06 14:47:41,12.0,7.18,151.2,180.0,3.48
2026-07-06 14:47:42,12.22,7.11,148.7,183.0,3.51
2026-07-06 14:47:43,11.84,6.87,147.9,179.2,3.47
2026-07-06 14:47:44,11.91,7.08,151.0,181.0,3.47
2026-07-06 14:47:45,12.04,6.9,151.2,184.4,3.55
2026-07-06 14:47:46,12.22,7.01,151.0,187.5,3.57
2026-07-06 14:47:47,12.1,7.09,149.9,184.0,3.52
2026-07-06 14:47:48,12.27,6.91,150.5,189.2,3.47
2026-07-06 14:47:49,12.06,6.88,151.4,189.0,3.48
2026-07-06 14:47:50,12.09,7.17,150.4,178.7,3.54
2026-07-06 14:47:51,12.19,7.06,151.8,187.4,3.49
2026-07-06 14:47:52,11.87,7.04,151.7,182.0,3.52
2026-07-06 14:47:53,12.17,6.97,151.5,186.7,3.46
2026-07-06 14:47:54,12.15,6.92,149.6,182.9,3.47
2026-07-06 14:47:55,11.9,6.91,150.3,183.9,3.52
2026-07-06 14:47:56,12.1,6.99,149.7,183.8,3.49
2026-07-06 14:47:57,11.83,6.66,149.9,187.9,3.53
2026-07-06 14:47:58,11.93,7.11,151.2,182.0,3.51
2026-07-06 14:47:59,12.13,6.96,148.3,183.9,3.48
2026-07-06 14:48:00,12.08,6.89,152.5,186.2,3.5
2026-07-06 14:48:01,11.79,6.93,149.6,180.8,3.51
2026-07-06 14:48:02,11.89,6.91,151.4,183.1,3.58
2026-07-06 14:48:03,12.26,6.81,149.5,191.1,3.45
2026-07-06 14:48:04,12.08,7.04,150.3,183.7,3.45
2026-07-06 14:48:05,12.17,7.05,150.6,183.8,3.4
2026-07-06 14:48:06,12.37,6.98,149.5,187.7,3.44
2026-07-06 14:48:07,12.0,7.07,150.4,182.6,3.48
2026-07-06 14:48:08,11.97,6.92,148.9,182.6,3.45
2026-07-06 14:48:09,12.13,6.84,149.3,188.0,3.48
2026-07-06 14:48:10,12.19,6.96,149.5,187.6,3.47
2026-07-06 14:48:11,11.7,7.0,150.7,177.5,3.56
2026-07-06 14:48:12,11.77,6.89,148.7,180.3,3.5
2026-07-06 14:48:13,12.11,6.87,150.0,187.9,3.53
2026-07-06 14:48:14,12.31,6.96,150.7,189.3,3.52
2026-07-06 14:48:15,11.89,7.14,149.5,178.9,3.44
2026-07-06 14:48:16,11.87,6.98,148.2,180.2,3.48
2026-07-06 14:48:17,11.71,6.96,150.6,181.4,3.57
2026-07-06 14:48:18,11.99,6.81,150.5,187.9,3.54
2026-07-06 14:48:19,11.95,6.96,150.7,181.4,3.52
2026-07-06 14:48:20,12.09,7.02,150.5,183.9,3.47
2026-07-06 14:48:21,12.28,7.13,150.1,184.4,3.59
2026-07-06 14:48:22,12.14,6.95,149.9,185.6,3.5
2026-07-06 14:48:23,11.78,7.07,149.5,178.2,3.53
2026-07-06 14:48:24,12.1,6.9,150.2,186.1,3.56
2026-07-06 14:48:25,12.17,6.98,151.5,185.0,3.48
2026-07-06 14:48:26,11.95,7.02,147.2,178.2,3.51
2026-07-06 14:48:27,11.95,7.0,152.2,182.7,3.43
2026-07-06 14:48:28,12.0,6.99,149.3,183.3,3.49
2026-07-06 14:48:29,11.91,6.99,151.6,180.4,3.51
2026-07-06 14:48:30,12.19,6.88,149.3,184.4,3.54
2026-07-06 14:48:31,12.01,6.9,150.3,181.6,3.5
2026-07-06 14:48:32,11.94,6.88,150.6,184.9,3.52
2026-07-06 14:48:33,11.92,6.79,150.8,187.2,3.42
2026-07-06 14:48:34,11.86,6.97,150.7,178.9,3.41
2026-07-06 14:48:35,11.84,7.01,148.6,174.5,3.5
2026-07-06 14:48:36,12.05,6.99,148.4,181.3,3.52
2026-07-06 14:48:37,11.83,6.83,148.2,182.8,3.38
2026-07-06 14:48:38,12.07,6.83,148.8,187.1,3.42
2026-07-06 14:48:39,11.98,6.89,150.0,184.5,3.47
2026-07-06 14:48:40,12.07,6.98,150.8,187.3,3.56
2026-07-06 14:48:41,11.91,7.04,148.8,178.7,3.52
2026-07-06 14:48:42,11.89,6.79,148.5,182.6,3.52
2026-07-06 14:48:43,12.09,6.9,150.4,187.2,3.5
2026-07-06 14:48:44,11.89,6.94,150.9,185.6,3.43
2026-07-06 14:48:45,11.76,6.93,150.5,178.8,3.48
2026-07-06 14:48:46,11.61,6.89,150.2,178.2,3.51
2026-07-06 14:48:47,11.87,7.0,151.4,179.2,3.49
2026-07-06 14:48:48,12.28,7.01,151.0,187.0,3.39
2026-07-06 14:48:49,11.92,7.04,149.9,180.6,3.59
2026-07-06 14:48:50,12.04,6.9,148.8,185.3,3.58
2026-07-06 14:48:51,12.28,7.06,150.4,187.4,3.52
2026-07-06 14:48:52,12.22,7.03,150.3,186.1,3.55
2026-07-06 14:48:53,12.07,6.91,149.4,185.8,3.49
2026-07-06 14:48:54,11.98,7.1,149.5,180.4,3.42
2026-07-06 14:48:55,12.19,6.88,149.0,186.7,3.52
2026-07-06 14:48:56,11.91,6.95,148.4,181.2,3.49
2026-07-06 14:48:57,12.3,6.95,151.3,191.0,3.5
2026-07-06 14:48:58,12.19,6.92,152.4,188.6,3.51
2026-07-06 14:48:59,11.89,7.08,149.1,180.7,3.48
2026-07-06 14:49:00,12.2,7.03,149.0,185.8,3.47
2026-07-06 14:49:01,12.08,7.0,149.1,184.9,3.54
2026-07-06 14:49:02,12.02,7.24,149.4,179.5,3.52
2026-07-06 14:49:03,11.99,6.79,150.3,186.5,3.53
2026-07-06 14:49:04,11.87,7.07,150.0,179.7,3.54
2026-07-06 14:49:05,11.86,7.03,151.2,180.5,3.53
2026-07-06 14:49:06,11.83,7.0,147.4,178.8,3.55
2026-07-06 14:49:07,12.06,6.89,149.8,187.3,3.48
2026-07-06 14:49:08,12.05,7.09,150.0,180.9,3.51
2026-07-06 14:49:09,11.81,7.24,150.0,175.3,3.53
2026-07-06 14:49:10,11.84,7.12,149.0,176.5,3.51
2026-07-06 14:49:11,12.05,7.1,148.9,182.0,3.53
2026-07-06 14:49:12,11.67,7.07,150.1,177.5,3.6
2026-07-06 14:49:13,11.89,6.88,149.8,180.8,3.46
2026-07-06 14:49:14,12.11,6.87,149.6,184.7,3.49
2026-07-06 14:49:15,12.12,7.09,150.4,182.5,3.54
2026-07-06 14:49:16,12.1,6.92,152.5,186.9,3.53
2026-07-06 14:49:17,11.88,6.84,152.9,181.1,3.47
2026-07-06 14:49:18,11.9,6.83,148.7,184.2,3.54
2026-07-06 14:49:19,12.03,6.91,149.2,185.5,3.39
2026-07-06 14:49:20,11.86,6.78,148.5,182.6,3.49
2026-07-06 14:49:21,11.96,7.06,150.6,182.6,3.54
2026-07-06 14:49:22,11.93,7.01,149.4,181.1,3.54
2026-07-06 14:49:23,11.9,6.82,151.0,183.8,3.52
2026-07-06 14:49:24,12.13,7.18,151.4,179.0,3.52
2026-07-06 14:49:25,12.22,7.05,151.0,185.6,3.47
2026-07-06 14:49:26,12.15,7.11,149.0,181.7,3.39
2026-07-06 14:49:27,12.24,6.86,149.9,186.8,3.41
2026-07-06 14:49:28,11.96,7.03,149.4,179.0,3.54
2026-07-06 14:49:29,12.25,7.13,149.1,184.1,3.59
2026-07-06 14:49:30,11.97,6.89,151.6,184.5,3.52
2026-07-06 14:49:31,11.94,6.72,148.0,184.8,3.46
2026-07-06 14:49:32,11.82,7.11,150.4,178.2,3.45
2026-07-06 14:49:33,11.95,7.2,150.2,178.1,3.51
2026-07-06 14:49:34,12.15,6.99,151.5,185.7,3.51
2026-07-06 14:49:35,11.88,6.96,151.5,181.8,3.5
2026-07-06 14:49:36,11.83,6.98,149.9,180.1,3.49
2026-07-06 14:49:37,12.04,7.09,149.9,179.7,3.52
2026-07-06 14:49:38,12.03,6.98,150.2,183.9,3.52
2026-07-06 14:49:39,11.85,6.87,148.3,183.4,3.55
2026-07-06 14:49:40,12.17,7.08,150.7,182.9,3.5
2026-07-06 14:49:41,12.04,6.93,150.1,185.9,3.52
2026-07-06 14:49:42,12.11,7.02,148.3,181.9,3.51
2026-07-06 14:49:43,12.2,7.1,148.7,182.5,3.44
2026-07-06 14:49:44,12.11,7.05,149.3,185.1,3.5
2026-07-06 14:49:45,11.98,6.79,149.1,185.5,3.5
2026-07-06 14:49:46,11.97,7.03,149.0,182.5,3.49
2026-07-06 14:49:47,12.24,7.17,152.4,185.9,3.5
2026-07-06 14:49:48,12.06,6.94,151.9,186.1,3.51
2026-07-06 14:49:49,12.15,6.92,150.6,185.9,3.49
2026-07-06 14:49:50,11.91,7.04,150.1,180.1,3.44
2026-07-06 14:49:51,11.97,7.14,149.7,179.9,3.48
2026-07-06 14:49:52,12.08,7.01,149.5,184.4,3.52
2026-07-06 14:49:53,12.11,7.1,149.1,182.3,3.54
2026-07-06 14:49:54,12.03,7.05,150.2,182.5,3.55
2026-07-06 14:49:55,12.02,7.19,149.8,178.9,3.57
2026-07-06 14:49:56,11.92,7.03,149.3,180.2,3.46
2026-07-06 14:49:57,12.02,6.93,149.9,186.3,3.59
2026-07-06 14:49:58,12.04,6.99,149.7,182.4,3.54
2026-07-06 14:49:59,12.26,7.06,149.9,188.1,3.6
2026-07-06 14:50:00,12.02,7.05,152.7,181.5,3.54
2026-07-06 14:50:01,12.1,6.89,147.9,184.8,3.54
2026-07-06 14:50:02,12.14,7.02,150.3,184.4,3.49
2026-07-06 14:50:03,11.58,6.94,149.3,179.6,3.5
2026-07-06 14:50:04,12.2,6.94,151.2,186.5,3.56
2026-07-06 14:50:05,12.01,7.08,148.6,179.9,3.5
2026-07-06 14:50:06,11.88,6.91,149.4,183.9,3.45
2026-07-06 14:50:07,12.23,6.92,147.2,185.7,3.65
2026-07-06 14:50:08,11.94,7.04,151.7,180.9,3.43
2026-07-06 14:50:09,11.92,6.99,149.4,179.9,3.41
2026-07-06 14:50:10,11.93,6.94,150.4,180.1,3.49
2026-07-06 14:50:11,11.94,6.98,147.7,179.9,3.59
2026-07-06 14:50:12,11.94,7.13,152.7,180.6,3.51
2026-07-06 14:50:13,11.91,6.95,149.0,182.5,3.45
2026-07-06 14:50:14,12.05,7.04,152.5,183.0,3.53
2026-07-06 14:50:15,11.77,6.92,151.2,180.6,3.51
2026-07-06 14:50:16,11.87,6.83,150.1,185.0,3.52
2026-07-06 14:50:17,11.92,6.93,151.5,181.8,3.66
2026-07-06 14:50:18,11.92,7.21,150.5,176.3,3.53
2026-07-06 14:50:19,11.78,7.25,149.7,174.7,3.44
2026-07-06 14:50:20,12.09,7.04,150.2,183.8,3.51
2026-07-06 14:50:21,11.99,6.94,151.2,183.0,3.54
2026-07-06 14:50:22,11.72,7.12,147.2,174.3,3.5
2026-07-06 14:50:23,11.95,7.11,151.9,179.8,3.45
2026-07-06 14:50:24,11.69,7.09,149.2,174.6,3.49
2026-07-06 14:50:25,11.85,6.86,150.4,185.1,3.46
2026-07-06 14:50:26,12.01,6.95,150.5,184.9,3.48
2026-07-06 14:50:27,11.99,7.05,149.3,180.8,3.51
2026-07-06 14:50:28,12.03,7.01,149.8,185.8,3.49
2026-07-06 14:50:29,11.89,6.94,151.5,183.4,3.58
2026-07-06 14:50:30,12.15,7.14,150.8,179.4,3.56
2026-07-06 14:50:31,12.07,6.96,148.8,182.9,3.53
2026-07-06 14:50:32,11.95,6.86,149.2,183.8,3.53
2026-07-06 14:50:33,12.17,6.79,148.6,189.4,3.46
2026-07-06 14:50:34,11.96,6.94,150.7,182.8,3.55
2026-07-06 14:50:35,11.93,6.92,148.5,180.1,3.6
2026-07-06 14:50:36,12.15,7.08,154.1,186.6,3.45
2026-07-06 14:50:37,11.76,7.09,151.0,179.0,3.51
2026-07-06 14:50:38,12.13,6.92,150.8,186.7,3.52
2026-07-06 14:50:39,12.13,7.06,150.7,180.9,3.52
2026-07-06 14:50:40,11.94,6.99,150.6,178.7,3.51
2026-07-06 14:50:41,11.95,7.04,149.2,180.3,3.47
2026-07-06 14:50:42,11.84,7.19,150.1,175.4,3.46
2026-07-06 14:50:43,11.92,6.88,148.4,184.0,3.43
2026-07-06 14:50:44,11.97,6.95,151.1,182.9,3.51
2026-07-06 14:50:45,12.01,7.03,149.5,181.8,3.46
2026-07-06 14:50:46,12.19,6.94,150.7,186.6,3.49
2026-07-06 14:50:47,11.9,6.9,151.5,183.1,3.53
2026-07-06 14:50:48,12.09,7.07,150.0,184.3,3.54
2026-07-06 14:50:49,12.02,7.0,149.3,181.4,3.52
2026-07-06 14:50:50,11.91,6.95,150.0,179.7,3.48
2026-07-06 14:50:51,12.03,6.83,149.7,187.2,3.54
2026-07-06 14:50:52,11.98,6.88,150.5,182.7,3.44
2026-07-06 14:50:53,11.81,7.02,150.8,181.2,3.4
2026-07-06 14:50:54,12.08,7.19,148.7,180.7,3.54
2026-07-06 14:50:55,12.08,6.82,150.3,185.3,3.58
2026-07-06 14:50:56,11.97,7.17,149.7,178.6,3.54
2026-07-06 14:50:57,12.03,7.06,151.9,180.6,3.48
2026-07-06 14:50:58,12.03,7.06,151.9,183.1,3.55
2026-07-06 14:50:59,11.98,6.92,149.1,183.5,3.56
2026-07-06 14:51:00,11.97,7.0,151.1,181.6,3.56
2026-07-06 14:51:01,12.14,7.07,149.4,182.3,3.5
2026-07-06 14:51:02,11.82,7.09,151.8,178.7,3.54
2026-07-06 14:51:03,12.13,7.0,149.8,186.4,3.42
2026-07-06 14:51:04,11.99,6.98,149.1,180.9,3.44
2026-07-06 14:51:05,11.93,6.99,151.1,183.5,3.57
2026-07-06 14:51:06,11.89,6.96,151.2,181.1,3.55
2026-07-06 14:51:07,11.95,6.94,150.4,184.4,3.53
2026-07-06 14:51:08,11.96,7.05,150.3,181.4,3.54
2026-07-06 14:51:09,12.19,6.81,151.1,186.9,3.49
2026-07-06 14:51:10,12.24,6.9,152.1,191.8,3.5
2026-07-06 14:51:11,12.05,7.03,149.1,181.5,3.4
2026-07-06 14:51:12,12.06,6.81,149.8,188.1,3.39
2026-07-06 14:51:13,11.98,6.99,148.9,180.7,3.43
2026-07-06 14:51:14,11.73,7.07,150.9,179.3,3.36
2026-07-06 14:51:15,11.82,6.92,151.3,182.6,3.51
2026-07-06 14:51:16,11.92,7.09,150.2,180.1,3.46
2026-07-06 14:51:17,11.74,7.17,148.4,171.8,3.53
2026-07-06 14:51:18,11.83,6.95,150.4,180.4,3.47
2026-07-06 14:51:19,11.81,7.17,148.6,174.5,3.43
2026-07-06 14:51:20,11.95,6.84,151.6,187.5,3.58
2026-07-06 14:51:21,12.1,6.99,151.5,186.1,3.45
2026-07-06 14:51:22,11.89,6.91,151.5,183.0,3.61
2026-07-06 14:51:23,12.03,6.96,151.9,185.7,3.45
2026-07-06 14:51:24,12.16,6.83,150.3,187.2,3.53
2026-07-06 14:51:25,11.98,7.01,148.9,182.8,3.47
2026-07-06 14:51:26,12.04,7.14,151.1,181.4,3.53
2026-07-06 14:51:27,11.95,6.87,152.1,185.7,3.44
2026-07-06 14:51:28,11.88,6.91,151.3,182.3,3.55
2026-07-06 14:51:29,11.94,7.02,149.5,182.4,3.5
2026-07-06 14:51:30,12.08,6.99,149.7,185.1,3.57
2026-07-06 14:51:31,11.91,6.96,149.6,180.7,3.59
2026-07-06 14:51:32,11.97,6.97,150.2,183.5,3.51
2026-07-06 14:51:33,11.71,6.97,152.7,181.1,3.43
2026-07-06 14:51:34,11.95,6.96,149.7,185.7,3.51
2026-07-06 14:51:35,12.2,7.12,151.3,181.7,3.55
2026-07-06 14:51:36,11.86,6.86,152.3,184.2,3.5
2026-07-06 14:51:37,11.95,6.93,150.4,183.5,3.4
2026-07-06 14:51:38,11.99,6.86,150.1,187.0,3.58
2026-07-06 14:51:39,11.84,6.93,148.7,181.6,3.38
2026-07-06 14:51:40,12.06,6.86,150.6,186.9,3.53
2026-07-06 14:51:41,12.16,6.82,149.5,187.6,3.49
2026-07-06 14:51:42,12.27,6.94,151.5,189.4,3.52
2026-07-06 14:51:43,11.94,7.06,149.4,180.6,3.44
2026-07-06 14:51:44,12.13,7.03,149.1,183.8,3.46
2026-07-06 14:51:45,11.86,6.95,150.5,182.4,3.47
2026-07-06 14:51:46,11.81,7.05,148.7,179.4,3.51
2026-07-06 14:51:47,11.97,7.08,149.2,182.1,3.57
2026-07-06 14:51:48,11.86,6.8,152.9,184.2,3.46
2026-07-06 14:51:49,11.99,6.91,149.2,181.2,3.46
2026-07-06 14:51:50,11.89,7.01,147.9,179.6,3.49
2026-07-06 14:51:51,11.99,7.07,150.2,178.5,3.5
2026-07-06 14:51:52,11.9,6.9,150.8,184.0,3.55
2026-07-06 14:51:53,12.17,7.12,149.8,181.3,3.43
2026-07-06 14:51:54,12.03,6.98,149.8,184.4,3.52
2026-07-06 14:51:55,12.03,6.98,150.4,183.2,3.61
2026-07-06 14:51:56,12.17,7.17,149.9,181.0,3.48
2026-07-06 14:51:57,12.04,6.99,151.9,185.8,3.54
2026-07-06 14:51:58,12.1,6.86,152.8,189.6,3.51
2026-07-06 14:51:59,12.01,7.13,149.2,180.2,3.47
2026-07-06 14:52:00,12.14,7.02,150.7,186.0,3.53
2026-07-06 14:52:01,11.97,7.1,150.8,182.1,3.5
2026-07-06 14:52:02,12.09,7.02,147.9,185.1,3.56
2026-07-06 14:52:03,12.1,6.98,148.3,183.2,3.51
2026-07-06 14:52:04,11.74,6.82,151.6,184.2,3.46
2026-07-06 14:52:05,11.77,7.08,151.3,177.7,3.49
2026-07-06 14:52:06,12.24,7.18,152.0,184.1,3.54
2026-07-06 14:52:07,11.85,7.0,149.4,179.8,3.58
2026-07-06 14:52:08,11.98,7.02,149.6,180.5,3.46
2026-07-06 14:52:09,11.87,6.91,150.2,183.7,3.47
2026-07-06 14:52:10,12.03,6.94,147.8,182.7,3.52
2026-07-06 14:52:11,12.13,6.86,149.4,188.2,3.51
2026-07-06 14:52:12,11.95,7.13,150.1,180.6,3.55
2026-07-06 14:52:13,12.22,6.96,151.0,187.7,3.54
2026-07-06 14:52:14,12.18,7.05,150.6,183.5,3.47
2026-07-06 14:52:15,12.35,6.91,148.6,189.6,3.54
2026-07-06 14:52:16,12.14,6.89,151.2,185.7,3.55
2026-07-06 14:52:17,11.86,6.97,149.8,180.5,3.44
2026-07-06 14:52:18,11.79,7.12,149.7,179.5,3.49
2026-07-06 14:52:19,11.8,6.78,151.0,183.4,3.5
2026-07-06 14:52:20,12.1,6.91,149.4,186.4,3.54
2026-07-06 14:52:21,12.08,6.98,149.0,182.4,3.5
2026-07-06 14:52:22,11.74,6.74,150.4,180.7,3.44
2026-07-06 14:52:23,12.01,7.06,150.4,179.0,3.57
2026-07-06 14:52:24,12.14,7.05,149.1,184.7,3.42
2026-07-06 14:52:25,11.92,6.97,149.1,180.0,3.45
2026-07-06 14:52:26,11.86,7.04,150.1,179.4,3.54
2026-07-06 14:52:27,11.99,6.92,150.4,183.5,3.48
2026-07-06 14:52:28,12.06,7.06,148.5,180.8,3.45
2026-07-06 14:52:29,11.67,7.11,151.4,175.8,3.47
2026-07-06 14:52:30,12.05,7.0,149.5,183.8,3.46
2026-07-06 14:52:31,12.02,6.95,150.0,184.9,3.55
2026-07-06 14:52:32,11.82,6.87,149.8,182.9,3.53
2026-07-06 14:52:33,12.09,7.06,151.6,184.8,3.53
2026-07-06 14:52:34,11.92,6.92,151.0,183.4,3.57
2026-07-06 14:52:35,11.74,7.06,149.4,176.6,3.52
2026-07-06 14:52:36,12.2,7.05,150.1,183.6,3.48
2026-07-06 14:52:37,12.14,6.98,147.9,187.6,3.55
2026-07-06 14:52:38,11.83,7.14,150.3,178.2,3.56
2026-07-06 14:52:39,12.0,7.0,150.4,183.3,3.52
2026-07-06 14:52:40,11.78,7.05,150.0,176.7,3.43
2026-07-06 14:52:41,11.92,6.92,150.3,182.4,3.47
2026-07-06 14:52:42,11.99,7.0,150.7,180.6,3.48
2026-07-06 14:52:43,12.0,7.09,148.2,178.8,3.54
2026-07-06 14:52:44,12.32,6.96,148.6,189.0,3.46
2026-07-06 14:52:45,12.47,6.94,149.8,190.3,3.43
2026-07-06 14:52:46,11.64,6.93,151.6,177.1,3.51
2026-07-06 14:52:47,12.11,7.06,148.3,180.9,3.57
2026-07-06 14:52:48,11.88,6.99,146.8,177.2,3.49
2026-07-06 14:52:49,11.86,7.04,150.2,181.6,3.47
2026-07-06 14:52:50,12.02,7.06,151.3,184.7,3.53
2026-07-06 14:52:51,11.79,7.03,149.7,180.4,3.43
2026-07-06 14:52:52,11.93,7.03,149.7,181.9,3.51
2026-07-06 14:52:53,12.25,7.19,152.4,185.9,3.52
2026-07-06 14:52:54,11.79,6.94,149.9,180.7,3.54
2026-07-06 14:52:55,11.92,6.96,148.5,179.8,3.48
2026-07-06 14:52:56,12.07,7.14,150.6,182.1,3.49
2026-07-06 14:52:57,11.75,7.22,149.8,175.6,3.55
2026-07-06 14:52:58,11.75,6.87,149.1,177.8,3.52
2026-07-06 14:52:59,12.19,6.78,150.7,189.4,3.45
2026-07-06 14:53:00,12.18,6.93,149.7,188.8,3.5
2026-07-06 14:53:01,12.04,6.98,149.5,182.2,3.47
2026-07-06 14:53:02,11.78,7.13,148.4,175.1,3.44
2026-07-06 14:53:03,11.99,7.04,151.2,184.0,3.47
2026-07-06 14:53:04,12.01,6.96,150.5,184.4,3.5
2026-07-06 14:53:05,12.06,6.97,151.1,186.6,3.47
2026-07-06 14:53:06,11.95,6.85,150.6,183.2,3.51
2026-07-06 14:53:07,12.07,6.87,151.0,184.7,3.51
2026-07-06 14:53:08,11.93,6.99,149.0,180.3,3.48
2026-07-06 14:53:09,11.76,6.93,151.0,182.7,3.56
2026-07-06 14:53:10,12.27,7.03,150.2,187.4,3.5
2026-07-06 14:53:11,12.25,7.06,149.7,183.6,3.49
2026-07-06 14:53:12,12.15,7.0,149.8,183.2,3.36
2026-07-06 14:53:13,12.05,7.09,148.1,180.4,3.48
2026-07-06 14:53:14,12.16,6.95,149.1,182.8,3.39
2026-07-06 14:53:15,11.91,7.08,150.4,180.7,3.49
2026-07-06 14:53:16,12.09,6.95,150.2,185.1,3.49
2026-07-06 14:53:17,11.96,6.96,149.7,182.5,3.48
2026-07-06 14:53:18,11.95,6.93,148.5,182.7,3.46
2026-07-06 14:53:19,11.88,7.03,149.5,178.3,3.55
2026-07-06 14:53:20,11.87,7.12,151.0,180.0,3.47
2026-07-06 14:53:21,12.1,6.96,148.1,183.0,3.54
2026-07-06 14:53:22,12.02,6.93,151.0,183.3,3.5
2026-07-06 14:53:23,11.97,6.95,148.2,182.3,3.56
2026-07-06 14:53:24,11.77,7.04,150.0,176.9,3.51
2026-07-06 14:53:25,11.87,6.98,149.3,180.0,3.57
2026-07-06 14:53:26,12.26,7.07,149.0,182.5,3.53
2026-07-06 14:53:27,11.86,6.95,151.7,183.2,3.5
2026-07-06 14:53:28,11.76,6.99,150.1,180.2,3.48
2026-07-06 14:53:29,12.26,7.11,149.2,181.8,3.5
2026-07-06 14:53:30,12.02,6.87,150.8,186.5,3.47
2026-07-06 14:53:31,11.87,7.11,147.6,177.3,3.53
2026-07-06 14:53:32,12.01,7.1,151.4,182.6,3.47
2026-07-06 14:53:33,11.9,7.08,151.1,180.5,3.51
2026-07-06 14:53:34,11.89,6.9,150.3,180.3,3.51
2026-07-06 14:53:35,12.02,6.97,149.7,184.4,3.48
2026-07-06 14:53:36,12.21,7.0,150.4,184.7,3.45
2026-07-06 14:53:37,11.65,7.0,150.3,175.8,3.43
2026-07-06 14:53:38,11.88,7.12,149.5,177.6,3.47
2026-07-06 14:53:39,12.14,6.93,149.8,185.7,3.55
2026-07-06 14:53:40,12.27,6.79,148.9,190.0,3.47
2026-07-06 14:53:41,11.93,6.91,149.3,182.8,3.46
2026-07-06 14:53:42,12.2,6.93,152.7,187.2,3.53
2026-07-06 14:53:43,12.19,7.2,148.5,182.3,3.45
2026-07-06 14:53:44,12.03,7.1,149.0,179.7,3.49
2026-07-06 14:53:45,12.17,7.0,149.0,185.4,3.48
2026-07-06 14:53:46,12.1,7.06,150.9,182.5,3.43
2026-07-06 14:53:47,12.06,6.98,150.7,183.7,3.5
2026-07-06 14:53:48,12.0,7.02,147.7,180.6,3.49
2026-07-06 14:53:49,12.04,6.93,151.0,185.5,3.45
2026-07-06 14:53:50,12.23,7.02,148.1,184.7,3.48
2026-07-06 14:53:51,11.92,6.99,149.5,178.8,3.54
2026-07-06 14:53:52,12.1,6.94,149.7,184.3,3.42
2026-07-06 14:53:53,12.07,7.05,150.5,179.8,3.52
2026-07-06 14:53:54,11.82,7.03,149.1,178.0,3.58
2026-07-06 14:53:55,11.8,7.08,149.6,182.8,3.51
2026-07-06 14:53:56,11.92,6.85,149.8,183.0,3.55
2026-07-06 14:53:57,12.09,7.1,149.5,180.6,3.48
2026-07-06 14:53:58,12.13,6.96,151.0,185.8,3.61
2026-07-06 14:53:59,12.25,7.03,149.6,182.9,3.48
2026-07-06 14:54:00,12.04,6.94,149.6,184.3,3.55
2026-07-06 14:54:01,12.17,6.96,150.1,186.7,3.59
2026-07-06 14:54:02,11.7,6.98,150.4,178.3,3.53
2026-07-06 14:54:03,12.16,7.07,149.3,184.5,3.47
2026-07-06 14:54:04,12.13,7.1,150.0,182.2,3.48
2026-07-06 14:54:05,12.13,6.88,150.5,186.4,3.51
2026-07-06 14:54:06,12.2,6.9,148.5,186.0,3.53
2026-07-06 14:54:07,12.15,7.02,148.6,184.0,3.49
2026-07-06 14:54:08,12.36,7.02,149.9,187.7,3.5
2026-07-06 14:54:09,11.87,7.03,150.4,179.2,3.43
2026-07-06 14:54:10,11.9,7.1,150.4,179.9,3.48
2026-07-06 14:54:11,12.15,6.92,148.4,185.2,3.57
2026-07-06 14:54:12,11.89,6.8,151.7,186.1,3.56
2026-07-06 14:54:13,12.01,7.15,150.1,178.6,3.49
2026-07-06 14:54:14,12.11,7.16,147.7,181.8,3.57
2026-07-06 14:54:15,11.86,7.11,150.6,176.5,3.52
2026-07-06 14:54:16,11.91,7.02,149.3,181.1,3.6
2026-07-06 14:54:17,12.06,7.11,150.9,182.0,3.6
2026-07-06 14:54:18,12.07,6.99,149.6,187.7,3.49
2026-07-06 14:54:19,11.96,7.14,150.9,182.6,3.5
2026-07-06 14:54:20,12.05,7.04,150.5,182.7,3.56
2026-07-06 14:54:21,12.16,6.83,151.7,190.7,3.58
2026-07-06 14:54:22,11.91,6.96,149.3,182.4,3.53
2026-07-06 14:54:23,11.94,7.14,147.3,180.0,3.59
2026-07-06 14:54:24,11.91,6.98,150.8,181.3,3.41
2026-07-06 14:54:25,11.95,7.02,151.9,180.0,3.59
2026-07-06 14:54:26,12.0,7.11,150.5,180.9,3.44
2026-07-06 14:54:27,11.95,7.03,151.9,181.7,3.52
2026-07-06 14:54:28,12.08,7.09,150.8,181.4,3.5
2026-07-06 14:54:29,11.95,6.91,151.8,183.5,3.49
2026-07-06 14:54:30,11.93,7.08,150.2,181.9,3.49
2026-07-06 14:54:31,12.15,6.88,151.4,184.4,3.46
2026-07-06 14:54:32,11.93,7.05,149.1,181.3,3.55
2026-07-06 14:54:33,11.76,7.06,151.5,177.5,3.39
2026-07-06 14:54:34,12.05,7.02,150.9,182.0,3.47
2026-07-06 14:54:35,11.91,7.21,150.3,175.8,3.42
2026-07-06 14:54:36,11.8,7.1,148.6,172.7,3.5
2026-07-06 14:54:37,12.13,6.85,152.2,186.4,3.46
2026-07-06 14:54:38,11.89,7.11,150.9,179.8,3.55
2026-07-06 14:54:39,11.96,7.31,150.6,176.7,3.52
2026-07-06 14:54:40,12.03,7.08,148.2,179.2,3.56
2026-07-06 14:54:41,12.25,7.06,148.9,184.5,3.48
2026-07-06 14:54:42,11.91,6.88,149.9,183.7,3.44
2026-07-06 14:54:43,12.02,6.89,150.7,182.8,3.51
2026-07-06 14:54:44,12.13,6.98,151.1,186.4,3.48
2026-07-06 14:54:45,12.28,6.99,150.3,188.8,3.5
2026-07-06 14:54:46,11.98,7.13,152.0,181.8,3.49
2026-07-06 14:54:47,12.09,6.97,150.5,185.5,3.63
2026-07-06 14:54:48,12.03,6.81,147.7,182.2,3.52
2026-07-06 14:54:49,11.98,7.04,150.3,181.5,3.5
2026-07-06 14:54:50,11.71,7.05,149.3,172.8,3.47
2026-07-06 14:54:51,12.04,6.77,149.8,186.7,3.59
2026-07-06 14:54:52,11.94,7.0,149.9,182.6,3.44
2026-07-06 14:54:53,12.03,7.09,148.8,182.1,3.42
2026-07-06 14:54:54,11.55,7.09,148.8,172.4,3.48
2026-07-06 14:54:55,12.11,7.07,149.1,182.7,3.52
2026-07-06 14:54:56,11.97,7.21,150.4,177.7,3.55
2026-07-06 14:54:57,11.63,6.91,151.8,176.3,3.48
2026-07-06 14:54:58,11.93,6.82,149.1,185.5,3.51
2026-07-06 14:54:59,12.04,6.84,149.4,185.6,3.47
2026-07-06 14:55:00,12.0,6.94,151.7,188.2,3.43
2026-07-06 14:55:01,11.93,7.16,150.9,177.1,3.52
2026-07-06 14:55:02,12.06,6.87,151.2,187.2,3.56
2026-07-06 14:55:03,11.96,6.92,149.6,182.1,3.5
2026-07-06 14:55:04,12.29,7.03,149.8,186.5,3.62
2026-07-06 14:55:05,11.85,7.15,150.2,175.5,3.55
2026-07-06 14:55:06,12.05,7.05,150.7,181.7,3.36
2026-07-06 14:55:07,12.01,6.96,150.5,183.2,3.51
2026-07-06 14:55:08,12.18,6.99,148.4,183.7,3.4
2026-07-06 14:55:09,12.04,6.96,148.9,183.5,3.52
2026-07-06 14:55:10,11.97,6.99,150.6,183.9,3.49
2026-07-06 14:55:11,12.08,7.1,149.6,181.8,3.49
2026-07-06 14:55:12,12.27,6.92,150.5,187.3,3.43
2026-07-06 14:55:13,12.07,7.21,147.7,176.2,3.52
2026-07-06 14:55:14,11.86,6.84,150.0,182.1,3.53
2026-07-06 14:55:15,12.34,7.12,150.1,185.7,3.51
2026-07-06 14:55:16,12.0,6.83,149.2,184.6,3.48
2026-07-06 14:55:17,12.11,7.03,150.3,183.0,3.44
2026-07-06 14:55:18,12.21,7.08,150.5,183.8,3.4
2026-07-06 14:55:19,12.01,6.96,151.3,182.6,3.52
2026-07-06 14:55:20,12.02,6.92,151.1,184.1,3.56
2026-07-06 14:55:21,12.0,6.88,149.2,186.2,3.58
2026-07-06 14:55:22,12.09,6.97,150.3,184.1,3.48
2026-07-06 14:55:23,11.76,6.86,150.7,183.1,3.47
2026-07-06 14:55:24,11.99,6.85,151.2,185.8,3.44
2026-07-06 14:55:25,11.72,7.06,148.9,177.3,3.6
2026-07-06 14:55:26,11.94,7.03,149.8,181.8,3.55
2026-07-06 14:55:27,12.03,6.99,148.3,180.4,3.53
2026-07-06 14:55:28,12.1,6.84,149.8,182.4,3.44
2026-07-06 14:55:29,11.83,6.94,150.3,180.9,3.53
2026-07-06 14:55:30,11.71,7.06,150.9,176.9,3.6
2026-07-06 14:55:31,11.76,7.02,149.7,176.4,3.51
2026-07-06 14:55:32,11.9,7.09,152.3,180.3,3.52
2026-07-06 14:55:33,11.95,7.05,148.6,181.7,3.51
2026-07-06 14:55:34,12.17,6.86,149.4,186.7,3.57
2026-07-06 14:55:35,12.19,7.05,149.9,183.9,3.62
2026-07-06 14:55:36,11.83,7.0,151.2,179.7,3.55
2026-07-06 14:55:37,11.96,7.01,149.7,182.7,3.53
2026-07-06 14:55:38,12.08,7.12,150.3,179.2,3.53
2026-07-06 14:55:39,12.2,6.98,150.7,183.9,3.42
2026-07-06 14:55:40,12.23,6.98,148.6,187.2,3.49
2026-07-06 14:55:41,12.18,6.91,150.2,187.4,3.55
2026-07-06 14:55:42,12.1,6.97,149.0,184.2,3.51
2026-07-06 14:55:43,11.79,7.1,149.0,175.0,3.47
2026-07-06 14:55:44,11.79,7.04,151.8,178.0,3.49
2026-07-06 14:55:45,12.19,6.91,151.7,188.5,3.51
2026-07-06 14:55:46,12.09,7.01,148.5,180.6,3.45
2026-07-06 14:55:47,11.93,7.01,150.0,182.6,3.49
2026-07-06 14:55:48,12.17,7.01,149.5,186.8,3.56
2026-07-06 14:55:49,12.14,7.01,151.5,185.9,3.45
2026-07-06 14:55:50,11.84,6.97,151.3,181.2,3.49
2026-07-06 14:55:51,11.99,6.99,149.1,181.3,3.44
2026-07-06 14:55:52,11.8,7.04,151.3,179.1,3.5
2026-07-06 14:55:53,11.97,6.86,149.7,184.0,3.54
2026-07-06 14:55:54,11.94,6.94,148.3,180.7,3.53
2026-07-06 14:55:55,12.3,6.81,150.9,192.2,3.51
2026-07-06 14:55:56,11.94,6.74,150.0,187.6,3.38
2026-07-06 14:55:57,11.8,6.98,148.4,179.0,3.42
2026-07-06 14:55:58,12.01,6.85,149.5,186.9,3.55
2026-07-06 14:55:59,11.87,7.01,149.5,181.1,3.52
2026-07-06 14:56:00,11.83,6.9,147.5,181.3,3.55
2026-07-06 14:56:01,11.84,7.1,149.6,178.8,3.47
2026-07-06 14:56:02,12.0,7.03,151.3,182.9,3.43
2026-07-06 14:56:03,12.26,7.06,150.9,186.6,3.53
2026-07-06 14:56:04,11.88,7.0,148.0,177.4,3.52
2026-07-06 14:56:05,12.26,6.87,150.7,186.6,3.52
2026-07-06 14:56:06,11.95,6.88,151.3,184.7,3.49
2026-07-06 14:56:07,12.16,6.85,149.1,186.2,3.51
2026-07-06 14:56:08,11.92,7.02,151.0,179.2,3.33
2026-07-06 14:56:09,12.02,6.9,150.1,184.7,3.53
2026-07-06 14:56:10,12.04,6.9,150.3,186.7,3.49
2026-07-06 14:56:11,12.31,7.04,149.6,186.4,3.4
2026-07-06 14:56:12,11.88,6.92,150.9,184.5,3.5
2026-07-06 14:56:13,12.02,7.06,150.2,182.1,3.48
2026-07-06 14:56:14,12.04,6.72,149.6,188.0,3.49
2026-07-06 14:56:15,12.04,6.93,149.9,186.8,3.45
2026-07-06 14:56:16,11.83,7.12,149.4,178.6,3.47
2026-07-06 14:56:17,11.93,6.97,149.4,181.1,3.5
2026-07-06 14:56:18,11.9,7.22,147.4,175.6,3.41
2026-07-06 14:56:19,12.04,6.8,151.0,186.5,3.59
2026-07-06 14:56:20,11.79,6.89,151.6,179.6,3.48
2026-07-06 14:56:21,12.14,6.96,148.9,184.2,3.53
2026-07-06 14:56:22,11.81,6.79,149.8,184.0,3.41
2026-07-06 14:56:23,11.59,7.08,150.5,172.6,3.53
2026-07-06 14:56:24,11.98,7.04,149.7,180.6,3.45
2026-07-06 14:56:25,12.03,7.05,150.3,183.2,3.51
2026-07-06 14:56:26,12.25,7.11,150.9,186.2,3.57
2026-07-06 14:56:27,11.78,6.98,149.0,180.3,3.54
2026-07-06 14:56:28,11.97,6.9,151.6,183.1,3.45
2026-07-06 14:56:29,11.84,7.04,150.0,182.2,3.55
2026-07-06 14:56:30,12.27,7.01,151.4,186.3,3.52
2026-07-06 14:56:31,12.32,7.03,150.3,186.8,3.5
2026-07-06 14:56:32,12.28,6.86,152.4,188.2,3.4
2026-07-06 14:56:33,11.76,7.1,149.8,178.3,3.61
2026-07-06 14:56:34,11.83,6.9,150.5,181.2,3.52
2026-07-06 14:56:35,11.87,7.08,149.8,178.3,3.5
2026-07-06 14:56:36,12.03,7.14,149.8,181.5,3.48
2026-07-06 14:56:37,12.08,6.81,150.4,188.1,3.56
2026-07-06 14:56:38,12.13,7.0,150.2,181.8,3.44
2026-07-06 14:56:39,11.91,6.85,150.9,185.3,3.54
2026-07-06 14:56:40,11.87,6.78,149.6,184.1,3.44
2026-07-06 14:56:41,12.04,6.92,150.6,183.2,3.55
2026-07-06 14:56:42,11.84,7.07,150.7,179.3,3.38
2026-07-06 14:56:43,12.01,7.21,149.6,178.4,3.52
2026-07-06 14:56:44,11.98,6.79,149.2,184.9,3.57
2026-07-06 14:56:45,11.99,7.13,151.8,182.4,3.49
2026-07-06 14:56:46,12.1,7.0,150.0,182.3,3.47
2026-07-06 14:56:47,11.97,7.05,151.5,181.9,3.44
2026-07-06 14:56:48,11.91,6.96,150.0,179.7,3.52
2026-07-06 14:56:49,11.85,6.85,149.8,181.1,3.48
2026-07-06 14:56:50,11.97,7.08,153.0,181.6,3.44
2026-07-06 14:56:51,12.17,7.12,152.7,185.0,3.5
2026-07-06 14:56:52,12.07,6.94,152.1,189.2,3.54
2026-07-06 14:56:53,12.14,6.93,150.2,185.8,3.53
2026-07-06 14:56:54,12.01,6.97,151.5,183.5,3.52
2026-07-06 14:56:55,12.02,7.06,148.3,180.4,3.56
2026-07-06 14:56:56,11.97,6.94,148.8,181.7,3.45
2026-07-06 14:56:57,12.14,6.94,151.9,183.7,3.49
2026-07-06 14:56:58,11.94,6.94,148.4,181.3,3.54
2026-07-06 14:56:59,12.18,6.9,150.8,189.1,3.52
2026-07-06 14:57:00,12.01,7.09,150.3,182.3,3.38
2026-07-06 14:57:01,11.95,7.11,151.4,180.5,3.55
2026-07-06 14:57:02,12.21,6.99,149.9,180.8,3.53
2026-07-06 14:57:03,11.65,7.08,149.7,176.3,3.5
2026-07-06 14:57:04,11.86,7.03,149.6,176.7,3.56
2026-07-06 14:57:05,11.98,7.03,148.8,180.5,3.48
2026-07-06 14:57:06,12.09,7.13,148.8,183.4,3.47
2026-07-06 14:57:07,11.97,7.17,151.1,179.8,3.45
2026-07-06 14:57:08,12.08,7.1,148.9,183.1,3.49
2026-07-06 14:57:09,12.29,6.91,148.1,189.4,3.56
2026-07-06 14:57:10,12.14,7.0,151.2,187.3,3.53
2026-07-06 14:57:11,11.83,7.03,151.1,178.6,3.55
2026-07-06 14:57:12,12.15,7.28,150.2,179.3,3.61
2026-07-06 14:57:13,11.89,6.83,149.8,185.3,3.54
2026-07-06 14:57:14,12.02,7.07,147.8,183.7,3.49
2026-07-06 14:57:15,11.92,6.89,149.3,182.6,3.52
2026-07-06 14:57:16,11.91,7.11,148.5,178.8,3.55
2026-07-06 14:57:17,12.05,7.0,152.2,184.8,3.35
2026-07-06 14:57:18,12.0,7.05,152.9,182.4,3.48
2026-07-06 14:57:19,12.2,7.17,150.9,183.8,3.56
2026-07-06 14:57:20,12.1,7.15,150.7,181.2,3.45
2026-07-06 14:57:21,12.08,7.15,149.6,178.5,3.51
2026-07-06 14:57:22,11.61,6.96,150.3,176.8,3.57
2026-07-06 14:57:23,11.88,7.19,150.1,177.8,3.45
2026-07-06 14:57:24,11.79,6.97,150.3,179.4,3.55
2026-07-06 14:57:25,11.82,6.97,149.4,179.2,3.54
2026-07-06 14:57:26,11.88,7.12,150.6,179.6,3.49
2026-07-06 14:57:27,11.79,6.88,148.6,179.2,3.57
2026-07-06 14:57:28,11.95,7.05,149.8,180.7,3.39
2026-07-06 14:57:29,12.08,6.9,149.6,185.4,3.47
2026-07-06 14:57:30,12.17,7.11,151.5,186.4,3.47
2026-07-06 14:57:31,11.96,7.1,150.5,179.4,3.45
2026-07-06 14:57:32,12.12,6.89,148.7,186.6,3.43
2026-07-06 14:57:33,12.1,7.0,148.5,183.6,3.56
2026-07-06 14:57:34,12.05,6.94,150.2,186.9,3.51
2026-07-06 14:57:35,11.95,7.03,149.4,180.1,3.46
2026-07-06 14:57:36,11.97,6.96,148.9,181.2,3.56
2026-07-06 14:57:37,12.07,7.01,151.7,184.6,3.48
2026-07-06 14:57:38,12.08,7.07,152.0,184.5,3.49
2026-07-06 14:57:39,11.96,7.08,150.3,181.8,3.5
2026-07-06 14:57:40,11.76,7.06,150.8,176.4,3.44
2026-07-06 14:57:41,12.11,7.05,147.6,182.2,3.53
2026-07-06 14:57:42,11.98,6.73,152.3,188.3,3.51
2026-07-06 14:57:43,11.86,6.88,149.2,180.9,3.47
2026-07-06 14:57:44,11.85,6.98,146.5,177.6,3.44
2026-07-06 14:57:45,11.86,7.16,151.0,178.7,3.55
2026-07-06 14:57:46,11.93,7.11,149.9,180.0,3.51
2026-07-06 14:57:47,11.79,6.93,149.6,177.8,3.46
2026-07-06 14:57:48,12.0,6.97,153.6,185.9,3.5
2026-07-06 14:57:49,11.93,6.94,149.0,181.4,3.55
2026-07-06 14:57:50,11.9,6.82,150.4,185.0,3.49
2026-07-06 14:57:51,12.2,7.07,150.4,184.5,3.44
2026-07-06 14:57:52,12.02,6.78,149.7,186.7,3.51
2026-07-06 14:57:53,12.33,7.05,148.4,187.0,3.52
2026-07-06 14:57:54,11.98,7.08,150.8,184.0,3.52
2026-07-06 14:57:55,11.85,7.07,152.5,181.2,3.48
2026-07-06 14:57:56,11.87,6.84,151.2,182.4,3.56
2026-07-06 14:57:57,11.79,6.96,149.8,179.5,3.45
2026-07-06 14:57:58,12.17,6.98,150.2,186.4,3.45
2026-07-06 14:57:59,12.01,7.03,150.1,182.3,3.57
2026-07-06 14:58:00,11.82,6.99,150.1,181.7,3.5
2026-07-06 14:58:01,12.03,7.19,150.9,185.8,3.44
2026-07-06 14:58:02,11.88,6.97,151.1,183.2,3.47
2026-07-06 14:58:03,11.94,7.03,147.1,178.3,3.58
2026-07-06 14:58:04,12.35,6.95,150.0,189.8,3.52
2026-07-06 14:58:05,11.92,7.06,148.4,180.6,3.43
2026-07-06 14:58:06,12.06,7.03,150.5,182.9,3.43
2026-07-06 14:58:07,12.01,6.96,146.8,181.0,3.56
2026-07-06 14:58:08,12.16,6.87,151.3,189.5,3.44
2026-07-06 14:58:09,11.89,6.82,148.8,184.7,3.54
2026-07-06 14:58:10,12.23,7.04,147.8,183.7,3.46
2026-07-06 14:58:11,11.95,7.14,149.1,180.0,3.51
2026-07-06 14:58:12,11.92,6.89,149.2,182.7,3.43
2026-07-06 14:58:13,12.09,6.89,151.4,187.1,3.53
2026-07-06 14:58:14,11.81,6.88,150.5,182.3,3.57
2026-07-06 14:58:15,11.94,7.04,149.9,178.6,3.51
2026-07-06 14:58:16,11.72,7.03,148.2,172.7,3.46
2026-07-06 14:58:17,11.73,6.95,150.9,179.6,3.51
2026-07-06 14:58:18,11.88,7.01,149.1,182.0,3.49
2026-07-06 14:58:19,11.99,6.93,148.9,183.6,3.52
2026-07-06 14:58:20,12.1,7.07,150.4,183.4,3.49
2026-07-06 14:58:21,11.88,7.18,149.8,178.3,3.5
2026-07-06 14:58:22,11.84,7.14,149.4,177.2,3.54
2026-07-06 14:58:23,11.95,6.98,149.7,184.4,3.55
2026-07-06 14:58:24,11.96,7.15,150.5,179.0,3.48
2026-07-06 14:58:25,12.09,6.85,149.8,184.4,3.48
2026-07-06 14:58:26,11.75,7.19,152.4,179.1,3.49
2026-07-06 14:58:27,11.92,6.98,149.2,180.4,3.45
2026-07-06 14:58:28,12.14,6.89,151.6,187.0,3.55
2026-07-06 14:58:29,11.64,7.04,148.2,176.2,3.47
2026-07-06 14:58:30,12.04,7.02,149.6,180.5,3.62
2026-07-06 14:58:31,12.09,6.85,151.5,187.6,3.48
2026-07-06 14:58:32,12.13,6.98,148.3,183.1,3.53
2026-07-06 14:58:33,11.88,7.12,152.8,179.2,3.47
2026-07-06 14:58:34,12.04,7.04,150.2,181.0,3.51
2026-07-06 14:58:35,11.93,7.09,152.2,180.4,3.51
2026-07-06 14:58:36,12.05,7.17,150.3,178.4,3.46
2026-07-06 14:58:37,12.0,7.14,150.0,180.1,3.44
2026-07-06 14:58:38,11.83,6.9,151.4,183.0,3.52
2026-07-06 14:58:39,12.16,6.82,152.4,189.2,3.45
2026-07-06 14:58:40,12.3,7.06,150.0,187.1,3.51
2026-07-06 14:58:41,12.07,6.89,148.5,185.0,3.57
2026-07-06 14:58:42,12.18,7.03,151.0,184.7,3.6
2026-07-06 14:58:43,11.94,6.74,150.5,187.0,3.55
2026-07-06 14:58:44,12.08,6.97,150.9,182.2,3.53
2026-07-06 14:58:45,11.91,6.89,151.3,184.4,3.5
2026-07-06 14:58:46,11.84,6.96,150.3,179.2,3.56
2026-07-06 14:58:47,11.86,6.82,150.7,187.2,3.48
2026-07-06 14:58:48,12.06,7.14,149.6,180.4,3.57
2026-07-06 14:58:49,12.05,7.09,151.4,184.2,3.48
2026-07-06 14:58:50,12.05,6.98,147.1,180.2,3.52
2026-07-06 14:58:51,12.09,6.9,149.6,187.0,3.45
2026-07-06 14:58:52,12.0,7.11,149.0,180.1,3.47
2026-07-06 14:58:53,12.1,7.02,150.7,182.9,3.44
2026-07-06 14:58:54,11.83,7.07,149.7,179.7,3.6
2026-07-06 14:58:55,12.06,6.95,146.8,183.7,3.47
2026-07-06 14:58:56,11.97,7.05,149.6,179.7,3.49
2026-07-06 14:58:57,11.83,7.15,148.6,176.9,3.62
2026-07-06 14:58:58,12.14,6.86,149.5,187.6,3.46
2026-07-06 14:58:59,11.89,6.92,150.7,183.0,3.45
2026-07-06 14:59:00,12.07,6.91,149.7,184.8,3.43
2026-07-06 14:59:01,12.1,7.06,150.8,181.9,3.5
2026-07-06 14:59:02,12.28,6.99,151.2,187.2,3.46
2026-07-06 14:59:03,11.79,7.12,151.7,177.9,3.41
2026-07-06 14:59:04,11.87,7.13,148.9,179.7,3.56
2026-07-06 14:59:05,12.01,7.23,148.4,179.4,3.52
2026-07-06 14:59:06,11.88,6.95,151.5,182.4,3.44
2026-07-06 14:59:07,12.02,6.88,148.4,180.0,3.49
2026-07-06 14:59:08,11.88,6.81,148.1,180.4,3.5
2026-07-06 14:59:09,11.87,6.95,149.4,182.3,3.45
2026-07-06 14:59:10,12.06,7.07,150.1,181.3,3.46
2026-07-06 14:59:11,12.05,7.01,152.5,186.4,3.49
2026-07-06 14:59:12,12.05,7.03,148.8,184.4,3.59
2026-07-06 14:59:13,11.86,6.87,150.3,182.6,3.57
2026-07-06 14:59:14,12.22,7.06,147.7,186.3,3.53
2026-07-06 14:59:15,11.88,6.97,150.1,180.4,3.43
2026-07-06 14:59:16,11.72,6.95,148.8,177.6,3.5
2026-07-06 14:59:17,12.09,6.83,149.9,181.6,3.52
2026-07-06 14:59:18,12.12,6.78,151.1,186.2,3.47
2026-07-06 14:59:19,12.06,7.01,152.4,185.6,3.59
2026-07-06 14:59:20,12.04,6.88,150.9,184.9,3.5
2026-07-06 14:59:21,11.96,6.96,150.3,183.9,3.61
2026-07-06 14:59:22,11.83,6.94,148.3,178.6,3.47
2026-07-06 14:59:23,12.02,6.94,151.8,184.1,3.49
2026-07-06 14:59:24,12.01,7.19,151.2,182.1,3.5
2026-07-06 14:59:25,12.04,7.0,148.9,183.4,3.42
2026-07-06 14:59:26,11.97,6.93,149.5,183.3,3.47
2026-07-06 14:59:27,12.0,7.02,149.6,183.5,3.52
2026-07-06 14:59:28,11.98,7.09,149.0,179.8,3.51
2026-07-06 14:59:29,11.99,6.89,150.1,187.0,3.5
2026-07-06 14:59:30,12.09,6.97,151.9,183.5,3.53
2026-07-06 14:59:31,11.92,7.03,149.8,181.9,3.55
2026-07-06 14:59:32,11.94,7.06,151.2,183.1,3.46
2026-07-06 14:59:33,11.93,6.87,149.8,184.9,3.52
2026-07-06 14:59:34,12.18,6.86,149.5,191.0,3.61
2026-07-06 14:59:35,11.96,6.65,150.9,187.5,3.52
2026-07-06 14:59:36,11.8,6.95,151.5,180.5,3.44
2026-07-06 14:59:37,11.97,7.04,148.7,180.8,3.49
2026-07-06 14:59:38,11.96,7.15,148.9,181.4,3.52
2026-07-06 14:59:39,11.85,6.98,150.7,179.0,3.45
2026-07-06 14:59:40,12.05,6.93,150.5,183.6,3.49
2026-07-06 14:59:41,12.01,6.99,150.1,183.8,3.49
2026-07-06 14:59:42,11.83,6.97,149.3,179.9,3.41
2026-07-06 14:59:43,11.99,7.0,149.3,182.3,3.46
2026-07-06 14:59:44,11.92,7.2,150.9,174.8,3.42
2026-07-06 14:59:45,11.99,7.09,148.8,179.8,3.48
2026-07-06 14:59:46,11.89,6.95,148.4,182.0,3.59
2026-07-06 14:59:47,11.85,7.03,150.3,177.9,3.5
2026-07-06 14:59:48,12.15,7.03,149.6,185.5,3.54
2026-07-06 14:59:49,11.87,7.08,150.7,180.2,3.55
2026-07-06 14:59:50,12.11,7.03,150.3,186.6,3.42
2026-07-06 14:59:51,12.09,7.1,149.3,183.9,3.45
2026-07-06 14:59:52,11.9,6.85,148.6,184.3,3.52
2026-07-06 14:59:53,11.98,6.95,149.9,187.5,3.56
2026-07-06 14:59:54,12.17,6.86,151.7,186.9,3.48
2026-07-06 14:59:55,11.99,6.91,148.6,184.8,3.48
2026-07-06 14:59:56,11.89,7.06,148.5,178.0,3.59
2026-07-06 14:59:57,12.11,7.05,149.6,184.4,3.43
2026-07-06 14:59:58,11.83,7.03,150.2,179.6,3.54
2026-07-06 14:59:59,11.96,7.11,151.9,181.0,3.51
